Route_Name,Route_Link,Bus_Name,Bus_Type,Departing_Time,Duration,Reaching_Time,Star_Rating,Price,Seat_Availability
Pune to Goa,https://www.redbus.in/bus-tickets/pune-to-goa,Ashray Vip Yellows,A/C Sleeper (2+1),20:30,11h 30m,08:00,4.2,INR 900,22 Seats available
Pune to Goa,https://www.redbus.in/bus-tickets/pune-to-goa,Ashray Amrutyog,A/C Sleeper (2+1),20:20,13h 10m,09:30,4.1,INR 900,21 Seats available
Pune to Goa,https://www.redbus.in/bus-tickets/pune-to-goa,Laxmi-Princess Nova,Non A/C Seater / Sleeper (2+1),20:00,11h 15m,07:15,4.1,INR 500,23 Seats available
Pune to Goa,https://www.redbus.in/bus-tickets/pune-to-goa,AdGogte Anand Travels,Volvo Multi-Axle I-Shift A/C Sleeper (2+1),22:00,13h 30m,11:30,4.6,INR 1000,20 Seats available
Pune to Goa,https://www.redbus.in/bus-tickets/pune-to-goa,IntrCity SmartBus,Bharat Benz A/C Seater /Sleeper (2+1),20:20,11h 35m,07:55,4.4,INR 609,17 Seats available
Pune to Goa,https://www.redbus.in/bus-tickets/pune-to-goa,IntrCity SmartBus,AC Sleeper (2+1),20:30,12h 35m,09:05,4.2,INR 909,25 Seats available
Pune to Goa,https://www.redbus.in/bus-tickets/pune-to-goa,IntrCity SmartBus,AC Sleeper (2+1),22:30,11h 20m,09:50,4.4,INR 909,13 Seats available
Pune to Goa,https://www.redbus.in/bus-tickets/pune-to-goa,AdZingbus Plus,Bharat Benz A/C Sleeper (2+1),21:45,12h 40m,10:25,4.2,900,10 Seats available
Pune to Goa,https://www.redbus.in/bus-tickets/pune-to-goa,Prasanna - Purple Bus,VE A/C Sleeper (2+1),20:30,13h 00m,09:30,4.1,INR 920,23 Seats available
Pune to Goa,https://www.redbus.in/bus-tickets/pune-to-goa,IntrCity SmartBus,Bharat Benz A/C Sleeper (2+1),21:15,12h 05m,09:20,4.3,INR 909,16 Seats available
Pune to Goa,https://www.redbus.in/bus-tickets/pune-to-goa,Ashray Grand,Volvo Multi-Axle A/C Sleeper (2+1),21:20,12h 55m,10:15,4.0,INR 1000,12 Seats available
Pune to Goa,https://www.redbus.in/bus-tickets/pune-to-goa,Gogte Anand Travels,Volvo Multi-Axle I-Shift A/C Sleeper (2+1),19:55,12h 00m,07:55,4.2,INR 1000,25 Seats available
Pune to Goa,https://www.redbus.in/bus-tickets/pune-to-goa,Dolphin Travel House (37),Bharat Benz A/C Sleeper (2+1),20:10,09h 50m,06:00,4.4,INR 910,5 Seats available
Pune to Goa,https://www.redbus.in/bus-tickets/pune-to-goa,Ashray Travels,Bharat Benz A/C Sleeper (2+1),20:00,13h 00m,09:00,4.4,INR 900,12 Seats available
Pune to Goa,https://www.redbus.in/bus-tickets/pune-to-goa,Atmaram Gobus,VE A/C Sleeper (2+1),20:00,12h 45m,08:45,4.7,INR 900,6 Seats available
Pune to Goa,https://www.redbus.in/bus-tickets/pune-to-goa,Rajdhani Travels Corporation,VE A/C Sleeper (2+1),22:45,10h 50m,09:35,4.2,INR 1000,4 Seats available
Pune to Goa,https://www.redbus.in/bus-tickets/pune-to-goa,Atmaram Gobus,VE A/C Sleeper (2+1),21:00,10h 30m,07:30,4.7,INR 999,3 Seats available
Pune to Goa,https://www.redbus.in/bus-tickets/pune-to-goa,Ashray National Express,NON A/C Sleeper (2+1),20:00,10h 45m,06:45,4.1,INR 700,15 Seats available
Pune to Goa,https://www.redbus.in/bus-tickets/pune-to-goa,IntrCity SmartBus,Bharat Benz A/C Sleeper (2+1),20:00,10h 55m,06:55,4.2,INR 909,8 Seats available
Pune to Goa,https://www.redbus.in/bus-tickets/pune-to-goa,Gogte Shreyas,A/C Sleeper (2+1),20:00,13h 00m,09:00,4.2,INR 899,8 Seats available
Pune to Goa,https://www.redbus.in/bus-tickets/pune-to-goa,Zingbus Plus,VE A/C Sleeper (2+1),23:10,13h 55m,13:05,4.2,900,19 Seats available
Pune to Goa,https://www.redbus.in/bus-tickets/pune-to-goa,IntrCity SmartBus,AC Sleeper (2+1),21:45,11h 25m,09:10,4.4,INR 1009,2 Seats available
Pune to Goa,https://www.redbus.in/bus-tickets/pune-to-goa,KVT Narmada Benz,Bharat Benz A/C Sleeper (2+1),20:00,12h 00m,08:00,4.0,INR 900,1 Seat available
Pune to Goa,https://www.redbus.in/bus-tickets/pune-to-goa,Anand Tours And Travels,Volvo Multi-Axle A/C Sleeper (2+1),22:45,09h 45m,08:30,4.0,INR 2900,36 Seats available
Pune to Goa,https://www.redbus.in/bus-tickets/pune-to-goa,Anand Tours And Travels,Volvo Multi-Axle A/C Sleeper (2+1),22:45,09h 45m,08:30,4.0,INR 2900,36 Seats available
Pune to Goa,https://www.redbus.in/bus-tickets/pune-to-goa,Laxmi Queen Prime,A/C Sleeper (2+1),20:00,11h 30m,07:30,3.8,INR 900,23 Seats available
Pune to Goa,https://www.redbus.in/bus-tickets/pune-to-goa,Traveltime Travels (Kelkar),NON A/C Seater/ Sleeper (2+1),19:55,13h 45m,09:40,3.2,INR 500,14 Seats available
Pune to Goa,https://www.redbus.in/bus-tickets/pune-to-goa,Gogte Travels,NON A/C Sleeper (1+2),20:00,10h 15m,06:15,3.9,INR 699,13 Seats available
Pune to Goa,https://www.redbus.in/bus-tickets/pune-to-goa,Atmaram Gobus,NON A/C Sleeper (2+1),20:30,10h 30m,07:00,3.8,INR 700,3 Seats available
Pune to Goa,https://www.redbus.in/bus-tickets/pune-to-goa,Ashray Atmaram Divine,NON A/C Sleeper (1+2),20:15,10h 30m,06:45,3.9,INR 700,9 Seats available
Pune to Goa,https://www.redbus.in/bus-tickets/pune-to-goa,Prasanna - Purple Bus,VE A/C Sleeper (2+1),21:00,11h 45m,08:45,3.3,INR 920,20 Seats available
Pune to Goa,https://www.redbus.in/bus-tickets/pune-to-goa,Humsafar Travels,A/C Sleeper (2+1),20:30,13h 00m,09:30,3.4,INR 750,21 Seats available
Pune to Goa,https://www.redbus.in/bus-tickets/pune-to-goa,Laxmi Queen Asta,A/C Sleeper (2+1),20:00,12h 00m,08:00,3.7,INR 900,22 Seats available
Pune to Goa,https://www.redbus.in/bus-tickets/pune-to-goa,Dolphin Travel House (38),Bharat Benz A/C Sleeper (2+1),20:00,11h 30m,07:30,3.9,INR 910,25 Seats available
Pune to Goa,https://www.redbus.in/bus-tickets/pune-to-goa,KVT Narmada Benz,Bharat Benz A/C Sleeper (2+1),20:00,12h 01m,08:01,3.7,INR 900,1 Seat available
Pune to Goa,https://www.redbus.in/bus-tickets/pune-to-goa,Shreyash Travels,Bharat Benz A/C Sleeper (2+1),20:00,12h 30m,08:30,3.5,INR 909,9 Seats available
Pune to Goa,https://www.redbus.in/bus-tickets/pune-to-goa,Laxmi Empress Stellar,NON A/C Sleeper (2+1),20:00,12h 00m,08:00,3.9,INR 700,10 Seats available
Pune to Goa,https://www.redbus.in/bus-tickets/pune-to-goa,Dolphin travel house,A/C Sleeper (2+1),23:20,11h 25m,10:45,3.0,INR 727,10 Seats available
Pune to Goa,https://www.redbus.in/bus-tickets/pune-to-goa,PSR Travels Goa,A/C Sleeper (2+1),23:00,10h 30m,09:30,3.4,INR 900,8 Seats available
Pune to Goa,https://www.redbus.in/bus-tickets/pune-to-goa,Laxmi Queen Grand,A/C Sleeper (2+1),20:20,12h 10m,08:30,3.6,INR 900,18 Seats available
Pune to Goa,https://www.redbus.in/bus-tickets/pune-to-goa,Abhishek Vishal Travels,A/C Sleeper (2+1),21:35,11h 05m,08:40,3.5,INR 900,15 Seats available
Pune to Goa,https://www.redbus.in/bus-tickets/pune-to-goa,Humsafar Travels,A/C Sleeper (2+1),20:30,12h 30m,09:00,3.4,INR 950,21 Seats available
Pune to Goa,https://www.redbus.in/bus-tickets/pune-to-goa,Gogte Travels (Manish),Non AC Seater (2+2),19:55,11h 35m,07:30,2.7,INR 500,28 Seats available
Pune to Goa,https://www.redbus.in/bus-tickets/pune-to-goa,Dolphin Travel House (39),A/C Sleeper (2+1),21:30,11h 00m,08:30,2.6,INR 717,16 Seats available
Pune to Goa,https://www.redbus.in/bus-tickets/pune-to-goa,AAINATH TRAVELS,A/C Sleeper (2+1),20:20,12h 10m,08:30,1.1,INR 900,21 Seats available
Pune to Goa,https://www.redbus.in/bus-tickets/pune-to-goa,Manish Travel,A/C Sleeper (2+1),23:59,10h 00m,09:59,2.2,INR 5000,36 Seats available
Pune to Goa,https://www.redbus.in/bus-tickets/pune-to-goa,VRL Travels,A/C Sleeper (2+1),23:30,10h 30m,10:00,2.8,INR 800,12 Seats available
Pune to Goa,https://www.redbus.in/bus-tickets/pune-to-goa,Maa tours & Travels,A/C Seater (2+2),23:15,10h 45m,10:00,1.0,INR 1800,20 Seats available
Pune to Goa,https://www.redbus.in/bus-tickets/pune-to-goa,Kokan Holidays,NON A/C Seater Push Back (2+2),21:30,12h 00m,09:30,1.1,2925,2 Seats available
Goa to Pune,https://www.redbus.in/bus-tickets/goa-to-pune,Ashray Travels,Bharat Benz A/C Sleeper (2+1),21:00,13h 00m,10:00,4.3,INR 900,15 Seats available
Goa to Pune,https://www.redbus.in/bus-tickets/goa-to-pune,Ashray Travels,Non A/C Seater / Sleeper (2+1),20:00,10h 30m,06:30,4.4,INR 500,13 Seats available
Goa to Pune,https://www.redbus.in/bus-tickets/goa-to-pune,Ashray Grand,Volvo Multi-Axle A/C Sleeper (2+1),20:30,13h 00m,09:30,4.0,INR 1000,26 Seats available
Goa to Pune,https://www.redbus.in/bus-tickets/goa-to-pune,Amrutyog Travels,A/C Sleeper (2+1),20:00,11h 22m,07:22,4.0,INR 900,25 Seats available
Goa to Pune,https://www.redbus.in/bus-tickets/goa-to-pune,IntrCity SmartBus,Bharat Benz A/C Seater /Sleeper (2+1),19:55,10h 50m,06:45,4.6,INR 609,16 Seats available
Goa to Pune,https://www.redbus.in/bus-tickets/goa-to-pune,Prasanna - Purple Bus,VE A/C Sleeper (2+1),20:20,11h 25m,07:45,4.1,INR 920,14 Seats available
Goa to Pune,https://www.redbus.in/bus-tickets/goa-to-pune,Ashray Travels,Volvo Multi-Axle Sleeper A/C (2+1),21:20,12h 35m,09:55,4.1,INR 1000,21 Seats available
Goa to Pune,https://www.redbus.in/bus-tickets/goa-to-pune,Prasanna - Purple Bus,VE A/C Sleeper (2+1),20:15,11h 15m,07:30,4.0,INR 905,14 Seats available
Goa to Pune,https://www.redbus.in/bus-tickets/goa-to-pune,Atmaram Gobus,VE A/C Sleeper (2+1),20:17,10h 45m,07:02,4.7,INR 900,11 Seats available
Goa to Pune,https://www.redbus.in/bus-tickets/goa-to-pune,IntrCity SmartBus,AC Sleeper (2+1),20:30,10h 35m,07:05,4.5,INR 909,17 Seats available
Goa to Pune,https://www.redbus.in/bus-tickets/goa-to-pune,IntrCity SmartBus,Bharat Benz A/C Sleeper (2+1),20:00,11h 45m,07:45,4.3,INR 909,11 Seats available
Goa to Pune,https://www.redbus.in/bus-tickets/goa-to-pune,Atmaram Gobus,VE A/C Sleeper (2+1),21:15,10h 30m,07:45,4.7,INR 900,9 Seats available
Goa to Pune,https://www.redbus.in/bus-tickets/goa-to-pune,"National Travels,Goa",NON A/C Sleeper (2+1),19:55,10h 25m,06:20,4.0,INR 700,10 Seats available
Goa to Pune,https://www.redbus.in/bus-tickets/goa-to-pune,Zingbus Plus,VE A/C Sleeper (2+1),20:00,11h 05m,07:05,4.6,900,14 Seats available
Goa to Pune,https://www.redbus.in/bus-tickets/goa-to-pune,Atmaram Gobus,NON A/C Sleeper (2+1),20:06,09h 55m,06:01,4.1,INR 699,12 Seats available
Goa to Pune,https://www.redbus.in/bus-tickets/goa-to-pune,Laxmi-Princess Nova,Non A/C Seater / Sleeper (2+1),20:30,10h 00m,06:30,4.0,INR 500,8 Seats available
Goa to Pune,https://www.redbus.in/bus-tickets/goa-to-pune,Rajdhani Travels Corporation,VE A/C Sleeper (2+1),20:00,10h 10m,06:10,4.6,INR 1000,18 Seats available
Goa to Pune,https://www.redbus.in/bus-tickets/goa-to-pune,Atmaram Gobus,NON A/C Sleeper (2+1),20:01,11h 00m,07:01,4.0,INR 699,13 Seats available
Goa to Pune,https://www.redbus.in/bus-tickets/goa-to-pune,IntrCity SmartBus,AC Sleeper (2+1),20:05,09h 35m,05:40,4.5,INR 909,3 Seats available
Goa to Pune,https://www.redbus.in/bus-tickets/goa-to-pune,Atmaram Travels (Dolphin),A/C Sleeper (2+1),20:15,12h 25m,08:40,4.0,INR 1000,16 Seats available
Goa to Pune,https://www.redbus.in/bus-tickets/goa-to-pune,Anand Tours And Travels,Volvo Multi-Axle A/C Sleeper (2+1),20:00,10h 00m,06:00,5.0,INR 2900,36 Seats available
Goa to Pune,https://www.redbus.in/bus-tickets/goa-to-pune,Anand Tours And Travels,Volvo Multi-Axle I-Shift A/C Sleeper (2+1),20:30,10h 30m,07:00,4.0,INR 2900,41 Seats available
Goa to Pune,https://www.redbus.in/bus-tickets/goa-to-pune,Atmaram Travels ( Gogte ),NON A/C Sleeper (2+1),20:00,11h 45m,07:45,3.5,INR 700,16 Seats available
Goa to Pune,https://www.redbus.in/bus-tickets/goa-to-pune,Atmaram Travels(M.Dev),A/C Sleeper (2+1),20:45,11h 15m,08:00,3.7,INR 1000,12 Seats available
Goa to Pune,https://www.redbus.in/bus-tickets/goa-to-pune,Atmaram Travels (Shreyas),Bharat Benz A/C Sleeper (2+1),20:03,10h 30m,06:33,3.8,INR 900,15 Seats available
Goa to Pune,https://www.redbus.in/bus-tickets/goa-to-pune,Ashray Travels,Volvo Multi Axle A/C Sleeper I-Shift B11R (2+1),20:30,10h 45m,07:15,3.8,INR 1000,19 Seats available
Goa to Pune,https://www.redbus.in/bus-tickets/goa-to-pune,Atmaram Travels ( Ashray ),A/C Sleeper (2+1),20:42,13h 28m,10:10,3.3,INR 900,15 Seats available
Goa to Pune,https://www.redbus.in/bus-tickets/goa-to-pune,Prasanna - Purple Bus,VE A/C Sleeper (2+1),20:00,10h 15m,06:15,3.8,INR 905,19 Seats available
Goa to Pune,https://www.redbus.in/bus-tickets/goa-to-pune,Atmaram Travels(KVT Narmada Red),Bharat Benz A/C Sleeper (2+1),20:31,11h 00m,07:31,3.9,INR 900,22 Seats available
Goa to Pune,https://www.redbus.in/bus-tickets/goa-to-pune,Atmaram Travels (Humsafar),Bharat Benz A/C Sleeper (2+1),20:00,09h 00m,05:00,3.8,INR 900,4 Seats available
Goa to Pune,https://www.redbus.in/bus-tickets/goa-to-pune,Laxmi Queen Prime,A/C Sleeper (2+1),19:50,10h 45m,06:30,3.8,INR 900,10 Seats available
Goa to Pune,https://www.redbus.in/bus-tickets/goa-to-pune,Manish Roshan Travels,A/C Sleeper (2+1),20:00,10h 30m,06:30,3.1,INR 1000,23 Seats available
Goa to Pune,https://www.redbus.in/bus-tickets/goa-to-pune,Laxmi Empress Stellar,NON A/C Sleeper (2+1),20:00,10h 45m,06:45,3.8,INR 700,5 Seats available
Goa to Pune,https://www.redbus.in/bus-tickets/goa-to-pune,Giroba Travels (Kelkar),NON A/C Airbus (2+2),20:15,09h 15m,05:30,3.8,INR 500,8 Seats available
Goa to Pune,https://www.redbus.in/bus-tickets/goa-to-pune,Atmaram Travels (Unity),A/C Sleeper (2+1),20:00,11h 00m,07:00,3.7,INR 1000,14 Seats available
Goa to Pune,https://www.redbus.in/bus-tickets/goa-to-pune,IntrCity SmartBus,AC Sleeper (2+1),20:00,10h 15m,06:15,3.8,INR 909,10 Seats available
Goa to Pune,https://www.redbus.in/bus-tickets/goa-to-pune,Atmaram Travels (Dolphin),AC Sleeper (2+1),20:40,08h 50m,05:30,3.4,INR 1000,10 Seats available
Goa to Pune,https://www.redbus.in/bus-tickets/goa-to-pune,Atmaram Travels (Dolphin),A/C Sleeper (2+1),20:32,12h 00m,08:32,3.7,INR 1000,24 Seats available
Goa to Pune,https://www.redbus.in/bus-tickets/goa-to-pune,VAILANKANNI TRAVELS,VE A/C Sleeper (2+1),20:00,10h 55m,06:55,3.7,INR 1000,24 Seats available
Goa to Pune,https://www.redbus.in/bus-tickets/goa-to-pune,PSR Travels (Vaibhav),A/C Sleeper (2+1),21:01,10h 29m,07:30,3.9,INR 900,26 Seats available
Goa to Pune,https://www.redbus.in/bus-tickets/goa-to-pune,PSR Travels Goa,A/C Sleeper (2+1),20:15,09h 45m,06:00,3.4,INR 900,13 Seats available
Goa to Pune,https://www.redbus.in/bus-tickets/goa-to-pune,Manish Travels,A/C Sleeper (2+1),20:00,07h 30m,03:30,2.6,INR 1000,13 Seats available
Goa to Pune,https://www.redbus.in/bus-tickets/goa-to-pune,Manish Travels,NON A/C Seater (2+2),20:15,09h 20m,05:35,2.8,INR 500,29 Seats available
Goa to Pune,https://www.redbus.in/bus-tickets/goa-to-pune,Atmaram Travels (Vishal),A/C Sleeper (2+1),20:00,10h 20m,06:20,2.8,INR 1200,8 Seats available
Goa to Pune,https://www.redbus.in/bus-tickets/goa-to-pune,Manish Sharma Travels,A/C Sleeper (2+1),20:10,08h 50m,05:00,1.8,INR 1000,16 Seats available
Mumbai to Goa,https://www.redbus.in/bus-tickets/mumbai-to-goa,Dolphin travel house,Bharat Benz A/C Sleeper (2+1),21:30,15h 45m,13:15,4.5,INR 1010,22 Seats available
Mumbai to Goa,https://www.redbus.in/bus-tickets/mumbai-to-goa,IntrCity SmartBus,AC Sleeper (2+1),19:55,13h 55m,09:50,4.4,INR 1009,13 Seats available
Mumbai to Goa,https://www.redbus.in/bus-tickets/mumbai-to-goa,Rajdhani Travels Corporation,VE A/C Sleeper (2+1),19:55,13h 40m,09:35,4.1,INR 1000,4 Seats available
Mumbai to Goa,https://www.redbus.in/bus-tickets/mumbai-to-goa,AdKonkan Travels Mujawar,NON A/C Sleeper (2+1),19:55,15h 50m,11:45,3.9,INR 800,16 Seats available
Mumbai to Goa,https://www.redbus.in/bus-tickets/mumbai-to-goa,IntrCity SmartBus,AC Sleeper (2+1),20:00,14h 15m,10:15,4.1,INR 1009,2 Seats available
Mumbai to Goa,https://www.redbus.in/bus-tickets/mumbai-to-goa,IntrCity SmartBus,AC Sleeper (2+1),19:55,13h 15m,09:10,4.5,INR 1009,2 Seats available
Mumbai to Goa,https://www.redbus.in/bus-tickets/mumbai-to-goa,Atmaram Manish Travels,A/C Sleeper (2+1),20:00,13h 15m,09:15,5.0,INR 1000,10 Seats available
Mumbai to Goa,https://www.redbus.in/bus-tickets/mumbai-to-goa,Mascot Travels(M.Dev),A/C Sleeper (2+1),20:00,16h 00m,12:00,4.2,INR 1000,6 Seats available
Mumbai to Goa,https://www.redbus.in/bus-tickets/mumbai-to-goa,Zingbus Plus,VE A/C Sleeper (2+1),20:00,17h 05m,13:05,4.1,1000,17 Seats available
Mumbai to Goa,https://www.redbus.in/bus-tickets/mumbai-to-goa,Jolly Tours and Travels,VE A/C Sleeper (2+1),20:10,10h 55m,07:05,4.1,INR 1000,2 Seats available
Mumbai to Goa,https://www.redbus.in/bus-tickets/mumbai-to-goa,Shubhra Sharma Tourist Services,A/C Sleeper (2+1),20:15,14h 16m,10:31,4.6,INR 1000,17 Seats available
Mumbai to Goa,https://www.redbus.in/bus-tickets/mumbai-to-goa,Atmaram Manish Travels,A/C Sleeper (2+1),20:00,14h 55m,10:55,4.0,INR 1000,9 Seats available
Mumbai to Goa,https://www.redbus.in/bus-tickets/mumbai-to-goa,Roshan Travels,A/C Sleeper (2+1),19:55,13h 20m,09:15,4.0,INR 1000,5 Seats available
Mumbai to Goa,https://www.redbus.in/bus-tickets/mumbai-to-goa,Dolphin Travel House (40),A/C Sleeper (2+1),20:00,17h 15m,13:15,3.4,INR 1010,19 Seats available
Mumbai to Goa,https://www.redbus.in/bus-tickets/mumbai-to-goa,Abhishek Vishal Travels,A/C Sleeper (2+1),20:05,12h 35m,08:40,3.7,INR 1000,15 Seats available
Mumbai to Goa,https://www.redbus.in/bus-tickets/mumbai-to-goa,Dolphin Travel House (39),A/C Sleeper (2+1),20:15,12h 15m,08:30,3.2,INR 1010,14 Seats available
Mumbai to Goa,https://www.redbus.in/bus-tickets/mumbai-to-goa,Shubham Saijyoti Travels,A/C Sleeper (2+1),20:00,16h 00m,12:00,3.0,INR 1000,16 Seats available
Mumbai to Goa,https://www.redbus.in/bus-tickets/mumbai-to-goa,Konkan Travels National,NON A/C Sleeper (2+1),19:55,13h 35m,09:30,3.9,INR 800,8 Seats available
Mumbai to Goa,https://www.redbus.in/bus-tickets/mumbai-to-goa,Dolphin travel house,A/C Sleeper (2+1),20:00,14h 45m,10:45,3.3,INR 1010,18 Seats available
Mumbai to Goa,https://www.redbus.in/bus-tickets/mumbai-to-goa,Mascot Travels(M.Dev),A/C Sleeper (2+1),20:15,14h 30m,10:45,3.7,INR 1000,8 Seats available
Mumbai to Goa,https://www.redbus.in/bus-tickets/mumbai-to-goa,Sanvi Travels - Shree,A/C Sleeper (2+1),20:00,13h 30m,09:30,3.8,INR 1000,19 Seats available
Mumbai to Goa,https://www.redbus.in/bus-tickets/mumbai-to-goa,Konkan Travels National,A/C Sleeper (2+1),20:15,14h 40m,10:55,3.9,INR 1000,10 Seats available
Mumbai to Goa,https://www.redbus.in/bus-tickets/mumbai-to-goa,Shubham Vailankanni Travels,VE A/C Sleeper (2+1),20:30,15h 35m,12:05,3.6,INR 1000,21 Seats available
Mumbai to Goa,https://www.redbus.in/bus-tickets/mumbai-to-goa,VRL Travels,A/C Sleeper (2+1),19:55,13h 50m,09:45,3.0,INR 900,12 Seats available
Mumbai to Goa,https://www.redbus.in/bus-tickets/mumbai-to-goa,Dolphin travel house,A/C Sleeper (2+1),20:00,15h 45m,11:45,3.2,INR 1010,24 Seats available
Mumbai to Goa,https://www.redbus.in/bus-tickets/mumbai-to-goa,Shubham Vailankanni Travels,VE A/C Sleeper (2+1),19:55,14h 35m,10:30,3.4,INR 3000,29 Seats available
Mumbai to Goa,https://www.redbus.in/bus-tickets/mumbai-to-goa,Anand Travels,NON A/C Sleeper (2+1),20:00,12h 00m,08:00,2.5,INR 700,15 Seats available
Mumbai to Goa,https://www.redbus.in/bus-tickets/mumbai-to-goa,Atmaram Manish Travels,NON A/C Seater (2+2),19:55,12h 50m,08:45,2.5,INR 700,11 Seats available
Mumbai to Goa,https://www.redbus.in/bus-tickets/mumbai-to-goa,Manish Travel,A/C Sleeper (2+1),20:00,13h 59m,09:59,2.2,INR 5000,36 Seats available
Mumbai to Goa,https://www.redbus.in/bus-tickets/mumbai-to-goa,Maa tours & Travels,A/C Seater (2+2),20:00,14h 00m,10:00,2.4,INR 1300,20 Seats available
Bangalore to Goa,https://www.redbus.in/bus-tickets/bangalore-to-goa,Intercity travels,Bharat Benz A/C Sleeper (2+1),20:20,14h 55m,11:15,4.1,INR 999,14 Seats available
Bangalore to Goa,https://www.redbus.in/bus-tickets/bangalore-to-goa,Intercity travels,Bharat Benz A/C Sleeper (2+1),20:00,14h 15m,10:15,4.5,INR 1099,18 Seats available
Bangalore to Goa,https://www.redbus.in/bus-tickets/bangalore-to-goa,Sunrise Tours and Travels,A/C Sleeper (2+1),19:55,14h 50m,10:45,4.6,INR 999,6 Seats available
Bangalore to Goa,https://www.redbus.in/bus-tickets/bangalore-to-goa,Streamline tours and travels,A/C Sleeper (2+1),20:05,13h 55m,10:00,4.2,INR 999,11 Seats available
Bangalore to Goa,https://www.redbus.in/bus-tickets/bangalore-to-goa,Shanta Travels,NON A/C Sleeper (2+1),20:15,12h 00m,08:15,4.0,INR 860,6 Seats available
Bangalore to Goa,https://www.redbus.in/bus-tickets/bangalore-to-goa,Rajat Travels,A/C Seater / Sleeper (2+1),20:10,12h 35m,08:45,5.0,4625,42 Seats available
Bangalore to Goa,https://www.redbus.in/bus-tickets/bangalore-to-goa,Streamline tours and travels,A/C Sleeper (2+1),19:55,15h 20m,11:15,3.8,INR 999,18 Seats available
Bangalore to Goa,https://www.redbus.in/bus-tickets/bangalore-to-goa,Sea Bird Tourist,NON A/C Sleeper (2+1),20:30,13h 30m,10:00,3.0,INR 700,8 Seats available
Bangalore to Goa,https://www.redbus.in/bus-tickets/bangalore-to-goa,IntrCity SmartBus,AC Sleeper (2+1),19:55,14h 45m,10:40,3.9,INR 909,8 Seats available
Bangalore to Goa,https://www.redbus.in/bus-tickets/bangalore-to-goa,National Express NTHO,NON A/C Sleeper (2+1),20:30,12h 45m,09:15,3.6,664,9 Seats available
Bangalore to Goa,https://www.redbus.in/bus-tickets/bangalore-to-goa,Sea Bird Tourist,A/C Sleeper (2+1),20:00,15h 15m,11:15,3.1,INR 900,20 Seats available
Bangalore to Goa,https://www.redbus.in/bus-tickets/bangalore-to-goa,Sea Bird Tourist,NON A/C Sleeper (2+1),19:45,11h 40m,07:00,3.2,INR 800,2 Seats available
Bangalore to Goa,https://www.redbus.in/bus-tickets/bangalore-to-goa,SR Tours and Travels,A/C Sleeper (2+1),20:00,14h 00m,10:00,3.5,INR 999,12 Seats available
Bangalore to Goa,https://www.redbus.in/bus-tickets/bangalore-to-goa,Jolly Tours and Travels,A/C Sleeper (2+1),20:30,12h 30m,09:00,3.9,INR 900,4 Seats available
Bangalore to Goa,https://www.redbus.in/bus-tickets/bangalore-to-goa,Jolly Tours and Travels,A/C Sleeper (2+1),20:30,11h 15m,07:45,3.7,INR 1200,3 Seats available
Bangalore to Goa,https://www.redbus.in/bus-tickets/bangalore-to-goa,Sugama Tourist,NON A/C Sleeper (2+1),20:30,12h 15m,08:45,3.7,INR 1100,5 Seats available
Bangalore to Goa,https://www.redbus.in/bus-tickets/bangalore-to-goa,Sugama Tourist,NON A/C Sleeper (2+1),20:30,11h 15m,07:45,3.6,1050,5 Seats available
Bangalore to Goa,https://www.redbus.in/bus-tickets/bangalore-to-goa,Limousine Tours & Travels,A/C Sleeper (2+1),19:55,11h 55m,07:50,2.5,949,16 Seats available
Bangalore to Goa,https://www.redbus.in/bus-tickets/bangalore-to-goa,Sea Bird Tourist,A/C Sleeper (2+1),20:00,14h 15m,10:15,2.0,INR 900,15 Seats available
Bangalore to Goa,https://www.redbus.in/bus-tickets/bangalore-to-goa,SRS Travels,NON AC Seater / Sleeper 2+1,20:00,12h 30m,08:30,2.6,INR 650,9 Seats available
Bangalore to Goa,https://www.redbus.in/bus-tickets/bangalore-to-goa,VRL Travels,A/C Sleeper (2+1),20:00,14h 45m,10:45,2.2,INR 1100,13 Seats available
Bangalore to Goa,https://www.redbus.in/bus-tickets/bangalore-to-goa,SRS Travels,NON AC Seater / Sleeper 2+1,20:00,13h 30m,09:30,2.6,INR 650,9 Seats available
Bangalore to Goa,https://www.redbus.in/bus-tickets/bangalore-to-goa,Anand Travels,NON A/C Sleeper (2+1),20:15,10h 45m,07:00,2.1,627,3 Seats available
Bangalore to Goa,https://www.redbus.in/bus-tickets/bangalore-to-goa,Sri Manikanta Tours & Traveles,A/C Seater / Sleeper (2+1),20:55,11h 15m,08:10,2.5,INR 3000,40 Seats available
Bangalore to Goa,https://www.redbus.in/bus-tickets/bangalore-to-goa,Sugama Tourist,NON A/C Sleeper (2+1),20:30,11h 45m,08:15,3.8,INR 1100,5 Seats available
Bangalore to Goa,https://www.redbus.in/bus-tickets/bangalore-to-goa,VRL Travels,NON A/C Sleeper (2+1),20:00,13h 30m,09:30,2.6,INR 1100,5 Seats available
Bangalore to Goa,https://www.redbus.in/bus-tickets/bangalore-to-goa,VRL Travels,A/C Sleeper (2+1),20:00,13h 15m,09:15,0,INR 1000,9 Seats available
Goa to Bangalore,https://www.redbus.in/bus-tickets/goa-to-bangalore,Streamline tours and travels,A/C Sleeper (2+1),20:00,10h 30m,06:30,4.3,INR 1410,1 Seat available
Goa to Bangalore,https://www.redbus.in/bus-tickets/goa-to-bangalore,IntrCity SmartBus,AC Sleeper (2+1),20:30,11h 15m,07:45,4.2,INR 2039,3 Seats available
Goa to Bangalore,https://www.redbus.in/bus-tickets/goa-to-bangalore,Sunrise Tours and Travels,A/C Sleeper (2+1),20:00,10h 30m,06:30,4.5,INR 2199,1 Seat available
Goa to Bangalore,https://www.redbus.in/bus-tickets/goa-to-bangalore,Rajat Travels,A/C Seater / Sleeper (2+1),20:00,10h 35m,06:35,5.0,3700,42 Seats available
Goa to Bangalore,https://www.redbus.in/bus-tickets/goa-to-bangalore,Sunrise Tours and Travels,A/C Sleeper (2+1),20:00,10h 35m,06:35,4.4,INR 2199,1 Seat available
Goa to Bangalore,https://www.redbus.in/bus-tickets/goa-to-bangalore,Balaji Tourist,Volvo Multi-Axle A/C Semisleeper (2+2),20:45,10h 40m,07:25,4.3,INR 3499,1 Seat available
Goa to Bangalore,https://www.redbus.in/bus-tickets/goa-to-bangalore,Bharathi Travels,A/C Sleeper (2+1),20:05,10h 55m,07:00,1.1,INR 990,2 Seats available
Goa to Mumbai,https://www.redbus.in/bus-tickets/goa-to-mumbai,Zingbus Plus,VE A/C Sleeper (2+1),20:00,16h 20m,12:20,4.6,1000,14 Seats available
Goa to Mumbai,https://www.redbus.in/bus-tickets/goa-to-mumbai,"National Travels,Goa",A/C Sleeper (2+1),20:10,14h 20m,10:30,4.1,INR 1000,12 Seats available
Goa to Mumbai,https://www.redbus.in/bus-tickets/goa-to-mumbai,Atmaram Travels (Dolphin),A/C Sleeper (2+1),20:15,14h 30m,10:45,4.7,INR 1000,16 Seats available
Goa to Mumbai,https://www.redbus.in/bus-tickets/goa-to-mumbai,AdIntrCity SmartBus,AC Sleeper (2+1),20:30,14h 50m,11:20,4.0,INR 1009,17 Seats available
Goa to Mumbai,https://www.redbus.in/bus-tickets/goa-to-mumbai,Atmaram Travels (Unity),A/C Sleeper (2+1),20:00,15h 05m,11:05,4.1,INR 1000,14 Seats available
Goa to Mumbai,https://www.redbus.in/bus-tickets/goa-to-mumbai,Rajdhani Travels Corporation,VE A/C Sleeper (2+1),20:00,12h 10m,08:10,4.2,INR 1000,15 Seats available
Goa to Mumbai,https://www.redbus.in/bus-tickets/goa-to-mumbai,Vailankanni Travels - Mujawar,NON A/C Sleeper (2+1),20:00,13h 00m,09:00,4.7,INR 800,7 Seats available
Goa to Mumbai,https://www.redbus.in/bus-tickets/goa-to-mumbai,"National Travels,Goa",NON A/C Sleeper (2+1),20:30,11h 00m,07:30,4.2,INR 800,9 Seats available
Goa to Mumbai,https://www.redbus.in/bus-tickets/goa-to-mumbai,Atmaram Travels (Dolphin),A/C Sleeper (2+1),20:32,15h 20m,11:52,4.0,INR 1000,24 Seats available
Goa to Mumbai,https://www.redbus.in/bus-tickets/goa-to-mumbai,IntrCity SmartBus,AC Sleeper (2+1),20:00,14h 20m,10:20,4.4,INR 1009,10 Seats available
Goa to Mumbai,https://www.redbus.in/bus-tickets/goa-to-mumbai,IntrCity SmartBus,AC Sleeper (2+1),20:05,13h 35m,09:40,4.5,INR 1009,3 Seats available
Goa to Mumbai,https://www.redbus.in/bus-tickets/goa-to-mumbai,Atmaram Travels(M.Dev),A/C Sleeper (2+1),20:45,15h 50m,12:35,4.0,INR 1000,12 Seats available
Goa to Mumbai,https://www.redbus.in/bus-tickets/goa-to-mumbai,Giroba Travels (Shree),A/C Sleeper (2+1),20:00,13h 30m,09:30,4.0,INR 1000,4 Seats available
Goa to Mumbai,https://www.redbus.in/bus-tickets/goa-to-mumbai,VAILANKANNI TRAVELS,VE A/C Sleeper (2+1),20:00,15h 00m,11:00,3.9,INR 1000,24 Seats available
Goa to Mumbai,https://www.redbus.in/bus-tickets/goa-to-mumbai,Atmaram Travels (Dolphin),AC Sleeper (2+1),20:40,10h 50m,07:30,3.5,INR 1000,16 Seats available
Goa to Mumbai,https://www.redbus.in/bus-tickets/goa-to-mumbai,Atmaram Travels (Vishal),Non AC Seater (2+2),20:15,13h 05m,09:20,3.6,INR 600,24 Seats available
Goa to Mumbai,https://www.redbus.in/bus-tickets/goa-to-mumbai,PSR Travels (Vaibhav),A/C Sleeper (2+1),21:01,15h 29m,12:30,3.8,INR 1000,25 Seats available
Goa to Mumbai,https://www.redbus.in/bus-tickets/goa-to-mumbai,Atmaram Travels (Vishal),A/C Sleeper (2+1),20:00,12h 40m,08:40,3.3,INR 999,9 Seats available
Goa to Mumbai,https://www.redbus.in/bus-tickets/goa-to-mumbai,Atmaram Travels (Vaibhav),A/C Sleeper (2+1),21:16,15h 25m,12:41,3.7,INR 1000,21 Seats available
Goa to Mumbai,https://www.redbus.in/bus-tickets/goa-to-mumbai,Manish Roshan Travels,A/C Sleeper (2+1),20:00,14h 30m,10:30,3.5,INR 1000,23 Seats available
Goa to Mumbai,https://www.redbus.in/bus-tickets/goa-to-mumbai,Dolphin travel house,A/C Sleeper (2+1),20:20,11h 50m,08:10,3.7,INR 3700,34 Seats available
Goa to Mumbai,https://www.redbus.in/bus-tickets/goa-to-mumbai,Manish Travels,Non AC Seater (2+2),20:30,12h 30m,09:00,2.5,INR 600,23 Seats available
Goa to Mumbai,https://www.redbus.in/bus-tickets/goa-to-mumbai,Manish Sharma Travels,A/C Sleeper (2+1),20:10,14h 50m,11:00,2.3,INR 1000,16 Seats available
Goa to Mumbai,https://www.redbus.in/bus-tickets/goa-to-mumbai,Manish Travels,A/C Sleeper (2+1),20:00,11h 30m,07:30,2.6,INR 1000,13 Seats available
Pandharpur to Goa,https://www.redbus.in/bus-tickets/pandharpur-to-goa,Kadamba Transport Corporation Limited (KTCL) - 61005,Non AC Seater 2+2,21:15,12h 45m,10:00,3.4,INR 735,26 Seats available
Goa to Pandharpur,https://www.redbus.in/bus-tickets/goa-to-pandharpur,New Shivbaba Tours And Travels,AC Sleeper (2+1),20:15,07h 20m,03:35,2.5,INR 1499,21 Seats available
Goa to Pandharpur,https://www.redbus.in/bus-tickets/goa-to-pandharpur,New Shivbaba Tours And Travels,AC Sleeper (2+1),20:00,07h 35m,03:35,2.5,1349,21 Seats available
Goa to Pandharpur,https://www.redbus.in/bus-tickets/goa-to-pandharpur,New Shivbaba Tours And Travels,AC Sleeper (2+1),19:50,08h 30m,04:20,1.0,809,18 Seats available
Solapur to Goa,https://www.redbus.in/bus-tickets/solapur-to-goa,Humsafar Travels,Bharat Benz A/C Sleeper (2+1),23:15,08h 45m,08:00,3.3,INR 1250,19 Seats available
Solapur to Goa,https://www.redbus.in/bus-tickets/solapur-to-goa,Sharma Travels,Bharat Benz A/C Sleeper (2+1),23:00,10h 00m,09:00,3.8,INR 1238,21 Seats available
Goa to Kolhapur(Maharashtra),https://www.redbus.in/bus-tickets/goa-to-kolhapur-maharashtra,IntrCity SmartBus,AC Sleeper (2+1),19:50,05h 20m,01:10,4.9,INR 659,3 Seats available
Goa to Kolhapur(Maharashtra),https://www.redbus.in/bus-tickets/goa-to-kolhapur-maharashtra,Laxmi-Princess Nova,Non A/C Seater / Sleeper (2+1),19:50,05h 40m,01:30,4.4,INR 500,8 Seats available
Goa to Kolhapur(Maharashtra),https://www.redbus.in/bus-tickets/goa-to-kolhapur-maharashtra,Laxmi Empress Stellar,NON A/C Sleeper (2+1),19:50,05h 55m,01:45,3.1,INR 700,5 Seats available
Goa to Kolhapur(Maharashtra),https://www.redbus.in/bus-tickets/goa-to-kolhapur-maharashtra,Vaibhav Travels,A/C Sleeper (2+1),20:00,10h 12m,06:12,3.7,463,1 Seat available
Goa to Kolhapur(Maharashtra),https://www.redbus.in/bus-tickets/goa-to-kolhapur-maharashtra,IntrCity SmartBus,AC Sleeper (2+1),20:00,06h 30m,02:30,4.5,INR 659,10 Seats available
Goa to Kolhapur(Maharashtra),https://www.redbus.in/bus-tickets/goa-to-kolhapur-maharashtra,Ashray Travels,Non A/C Seater / Sleeper (2+1),20:00,05h 30m,01:30,3.9,INR 500,18 Seats available
Goa to Kolhapur(Maharashtra),https://www.redbus.in/bus-tickets/goa-to-kolhapur-maharashtra,Amrutyog Travels,A/C Sleeper (2+1),20:00,07h 30m,03:30,4.3,INR 599,21 Seats available
Goa to Kolhapur(Maharashtra),https://www.redbus.in/bus-tickets/goa-to-kolhapur-maharashtra,Giroba Travels (Kelkar),NON A/C Airbus (2+2),20:15,05h 45m,02:00,3.3,INR 500,22 Seats available
Goa to Kolhapur(Maharashtra),https://www.redbus.in/bus-tickets/goa-to-kolhapur-maharashtra,IntrCity SmartBus,Bharat Benz A/C Seater /Sleeper (2+1),20:30,06h 05m,02:35,4.6,INR 609,16 Seats available
Goa to Kolhapur(Maharashtra),https://www.redbus.in/bus-tickets/goa-to-kolhapur-maharashtra,IntrCity SmartBus,AC Sleeper (2+1),21:00,05h 40m,02:40,4.9,INR 659,17 Seats available
Goa to Kolhapur(Maharashtra),https://www.redbus.in/bus-tickets/goa-to-kolhapur-maharashtra,Atmaram Travels ( Gogte ),NON A/C Sleeper (2+1),21:15,06h 00m,03:15,3.1,INR 700,1 Seat available
Goa to Kolhapur(Maharashtra),https://www.redbus.in/bus-tickets/goa-to-kolhapur-maharashtra,IntrCity SmartBus,Bharat Benz A/C Sleeper (2+1),21:30,05h 50m,03:20,4.6,INR 589,11 Seats available
Goa to Kolhapur(Maharashtra),https://www.redbus.in/bus-tickets/goa-to-kolhapur-maharashtra,"National Travels,Goa",NON A/C Sleeper (2+1),19:49,05h 56m,01:45,2.0,INR 700,10 Seats available
Goa to Kolhapur(Maharashtra),https://www.redbus.in/bus-tickets/goa-to-kolhapur-maharashtra,New Shivbaba Tours And Travels,AC Sleeper (2+1),19:50,05h 15m,01:05,2.5,629,30 Seats available
Goa to Kolhapur(Maharashtra),https://www.redbus.in/bus-tickets/goa-to-kolhapur-maharashtra,Manish Travels,NON A/C Seater (2+2),20:12,03h 43m,23:55,1.7,INR 500,29 Seats available
Goa to Kolhapur(Maharashtra),https://www.redbus.in/bus-tickets/goa-to-kolhapur-maharashtra,Zingbus Plus,VE A/C Sleeper (2+1),19:50,06h 00m,01:50,4.9,900,25 Seats available
Goa to Kolhapur(Maharashtra),https://www.redbus.in/bus-tickets/goa-to-kolhapur-maharashtra,Laxmi Queen Prime,A/C Sleeper (2+1),19:50,05h 45m,01:30,4.3,INR 900,10 Seats available
Goa to Kolhapur(Maharashtra),https://www.redbus.in/bus-tickets/goa-to-kolhapur-maharashtra,PSR Travels Goa,A/C Sleeper (2+1),19:50,05h 25m,01:15,4.1,INR 900,13 Seats available
Goa to Kolhapur(Maharashtra),https://www.redbus.in/bus-tickets/goa-to-kolhapur-maharashtra,Atmaram Travels(GTA),A/C Sleeper (2+1),19:50,05h 55m,01:45,3.4,INR 1000,32 Seats available
Goa to Kolhapur(Maharashtra),https://www.redbus.in/bus-tickets/goa-to-kolhapur-maharashtra,Atmaram Travels (Humsafar),Bharat Benz A/C Sleeper (2+1),20:00,05h 30m,01:30,3.3,INR 900,4 Seats available
Goa to Kolhapur(Maharashtra),https://www.redbus.in/bus-tickets/goa-to-kolhapur-maharashtra,Atmaram Travels (Vishal),A/C Sleeper (2+1),20:00,03h 55m,23:55,4.0,INR 1200,12 Seats available
Goa to Kolhapur(Maharashtra),https://www.redbus.in/bus-tickets/goa-to-kolhapur-maharashtra,Atmaram Travels (Dolphin),A/C Sleeper (2+1),20:15,06h 15m,02:30,4.0,INR 1000,18 Seats available
Goa to Kolhapur(Maharashtra),https://www.redbus.in/bus-tickets/goa-to-kolhapur-maharashtra,Atmaram Travels (Dolphin),A/C Sleeper (2+1),21:02,06h 44m,03:46,3.4,INR 1000,27 Seats available
Goa to Kolhapur(Maharashtra),https://www.redbus.in/bus-tickets/goa-to-kolhapur-maharashtra,Zingbus Plus,VE A/C Sleeper (2+1),21:05,05h 45m,02:50,4.7,900,20 Seats available
Goa to Kolhapur(Maharashtra),https://www.redbus.in/bus-tickets/goa-to-kolhapur-maharashtra,Prasanna - Purple Bus,VE A/C Sleeper (2+1),22:15,05h 00m,03:15,4.0,INR 920,18 Seats available
Goa to Kolhapur(Maharashtra),https://www.redbus.in/bus-tickets/goa-to-kolhapur-maharashtra,Atmaram Travels (Vaibhav),A/C Sleeper (2+1),22:31,06h 30m,05:01,4.0,INR 1000,21 Seats available
Goa to Kolhapur(Maharashtra),https://www.redbus.in/bus-tickets/goa-to-kolhapur-maharashtra,Ashray Travels,Volvo Multi-Axle Sleeper A/C (2+1),22:45,07h 50m,06:35,4.0,INR 10000,21 Seats available
Goa to Kolhapur(Maharashtra),https://www.redbus.in/bus-tickets/goa-to-kolhapur-maharashtra,Atmaram Travels (Dolphin),AC Sleeper (2+1),19:50,04h 55m,00:45,1.8,INR 1000,16 Seats available
Goa to Kolhapur(Maharashtra),https://www.redbus.in/bus-tickets/goa-to-kolhapur-maharashtra,Manish Travels,A/C Sleeper (2+1),20:00,04h 30m,00:30,2.6,INR 1000,13 Seats available
Goa to Kolhapur(Maharashtra),https://www.redbus.in/bus-tickets/goa-to-kolhapur-maharashtra,New Shivbaba Tours And Travels,AC Sleeper (2+1),20:00,04h 20m,00:20,2.5,1349,30 Seats available
Goa to Kolhapur(Maharashtra),https://www.redbus.in/bus-tickets/goa-to-kolhapur-maharashtra,VRL Travels,A/C Sleeper (2+1),20:00,06h 00m,02:00,2.9,INR 900,30 Seats available
Goa to Kolhapur(Maharashtra),https://www.redbus.in/bus-tickets/goa-to-kolhapur-maharashtra,Atmaram Travels (Shreyas),Bharat Benz A/C Sleeper (2+1),20:03,06h 30m,02:33,2.0,INR 900,16 Seats available
Goa to Kolhapur(Maharashtra),https://www.redbus.in/bus-tickets/goa-to-kolhapur-maharashtra,New Shivbaba Tours And Travels,AC Sleeper (2+1),20:15,04h 05m,00:20,2.5,INR 1499,30 Seats available
Goa to Kolhapur(Maharashtra),https://www.redbus.in/bus-tickets/goa-to-kolhapur-maharashtra,PSR Travels (Vaibhav),A/C Sleeper (2+1),22:30,05h 00m,03:30,2.8,INR 900,25 Seats available
Goa to Solapur,https://www.redbus.in/bus-tickets/goa-to-solapur,S R Travels,A/C Seater/Sleeper (2+1),20:30,11h 00m,07:30,2.4,INR 900,8 Seats available
Goa to Solapur,https://www.redbus.in/bus-tickets/goa-to-solapur,New Shivbaba Tours And Travels,AC Sleeper (2+1),19:50,10h 15m,06:05,1.9,809,18 Seats available
Goa to Solapur,https://www.redbus.in/bus-tickets/goa-to-solapur,New Shivbaba Tours And Travels,AC Sleeper (2+1),20:15,09h 05m,05:20,2.5,INR 1499,21 Seats available
Goa to Solapur,https://www.redbus.in/bus-tickets/goa-to-solapur,New Shivbaba Tours And Travels,AC Sleeper (2+1),20:00,09h 20m,05:20,2.5,1349,21 Seats available
Goa to Sangli,https://www.redbus.in/bus-tickets/goa-to-sangli,Vaibhav Travels,A/C Sleeper (2+1),20:00,09h 40m,05:40,3.5,463,1 Seat available
Goa to Sangli,https://www.redbus.in/bus-tickets/goa-to-sangli,New Shivbaba Tours And Travels,AC Sleeper (2+1),19:50,06h 15m,02:05,1.0,629,18 Seats available
Goa to Sangli,https://www.redbus.in/bus-tickets/goa-to-sangli,New Shivbaba Tours And Travels,AC Sleeper (2+1),20:15,05h 50m,02:05,2.5,INR 699,29 Seats available
Goa to Sangli,https://www.redbus.in/bus-tickets/goa-to-sangli,New Shivbaba Tours And Travels,AC Sleeper (2+1),20:00,05h 20m,01:20,2.5,1349,30 Seats available
Goa to Sangli,https://www.redbus.in/bus-tickets/goa-to-sangli,New Shivbaba Tours And Travels,AC Sleeper (2+1),20:15,05h 05m,01:20,2.5,INR 1499,29 Seats available
Goa to Sangola (Solapur),https://www.redbus.in/bus-tickets/goa-to-sangola,New Shivbaba Tours And Travels,AC Sleeper (2+1),20:15,06h 35m,02:50,2.5,INR 1499,30 Seats available
Goa to Sangola (Solapur),https://www.redbus.in/bus-tickets/goa-to-sangola,New Shivbaba Tours And Travels,AC Sleeper (2+1),19:50,07h 45m,03:35,2.5,809,30 Seats available
Goa to Sangola (Solapur),https://www.redbus.in/bus-tickets/goa-to-sangola,New Shivbaba Tours And Travels,AC Sleeper (2+1),20:00,06h 50m,02:50,2.5,1349,30 Seats available
Goa to Miraj,https://www.redbus.in/bus-tickets/goa-to-miraj,Vaibhav Travels,A/C Sleeper (2+1),20:00,09h 42m,05:42,3.8,463,1 Seat available
Goa to Miraj,https://www.redbus.in/bus-tickets/goa-to-miraj,New Shivbaba Tours And Travels,AC Sleeper (2+1),20:15,05h 20m,01:35,2.5,INR 1499,21 Seats available
Goa to Miraj,https://www.redbus.in/bus-tickets/goa-to-miraj,New Shivbaba Tours And Travels,AC Sleeper (2+1),19:55,06h 25m,02:20,2.5,629,17 Seats available
Goa to Miraj,https://www.redbus.in/bus-tickets/goa-to-miraj,New Shivbaba Tours And Travels,AC Sleeper (2+1),20:00,05h 35m,01:35,2.5,1349,30 Seats available
Mopa Airport to Goa,https://www.redbus.in/bus-tickets/mopa-airport-to-goa,Kadamba Transport Corporation Limited (KTCL) - 161590,A/C Seater (2+1),20:00,00h 30m,20:30,3.7,INR 150,15 Seats available
Mopa Airport to Goa,https://www.redbus.in/bus-tickets/mopa-airport-to-goa,Kadamba Transport Corporation Limited (KTCL) - 159016,A/C Seater (2+3),21:00,02h 00m,23:00,4.3,INR 400,47 Seats available
Mopa Airport to Goa,https://www.redbus.in/bus-tickets/mopa-airport-to-goa,Kadamba Transport Corporation Limited (KTCL) - 159016,A/C Seater (2+3),21:00,00h 55m,21:55,3.7,INR 200,47 Seats available
Shivamogga to Goa,https://www.redbus.in/bus-tickets/shimoga-to-goa,Kadamba Transport Corporation Limited (KTCL) - 132897,Non AC Seater (2+2),23:00,09h 00m,08:00,2.9,INR 450,29 Seats available
Shivamogga to Goa,https://www.redbus.in/bus-tickets/shimoga-to-goa,Sea Bird Tourist,NON A/C Sleeper (2+1),23:45,08h 15m,08:00,3.5,INR 800,6 Seats available
Goa to Satara,https://www.redbus.in/bus-tickets/goa-to-satara,Atmaram Gobus,VE A/C Sleeper (2+1),22:30,08h 30m,07:00,4.9,INR 900,9 Seats available
Goa to Satara,https://www.redbus.in/bus-tickets/goa-to-satara,Ashray Travels,Bharat Benz A/C Sleeper (2+1),22:30,09h 30m,08:00,4.5,INR 900,19 Seats available
Goa to Satara,https://www.redbus.in/bus-tickets/goa-to-satara,IntrCity SmartBus,Bharat Benz A/C Sleeper (2+1),21:30,08h 10m,05:40,4.5,INR 909,11 Seats available
Goa to Satara,https://www.redbus.in/bus-tickets/goa-to-satara,IntrCity SmartBus,Bharat Benz A/C Seater /Sleeper (2+1),20:30,08h 10m,04:40,4.7,INR 609,16 Seats available
Goa to Satara,https://www.redbus.in/bus-tickets/goa-to-satara,Ashray Grand,Volvo Multi-Axle A/C Sleeper (2+1),22:00,09h 30m,07:30,4.1,INR 1000,31 Seats available
Goa to Satara,https://www.redbus.in/bus-tickets/goa-to-satara,Ashray Travels,Volvo Multi Axle A/C Sleeper I-Shift B11R (2+1),21:00,09h 30m,06:30,4.2,INR 1000,26 Seats available
Goa to Satara,https://www.redbus.in/bus-tickets/goa-to-satara,Atmaram Travels ( Gogte ),NON A/C Sleeper (2+1),21:15,08h 30m,05:45,3.8,INR 700,19 Seats available
Goa to Satara,https://www.redbus.in/bus-tickets/goa-to-satara,Zingbus Plus,VE A/C Sleeper (2+1),21:05,08h 45m,05:50,4.8,900,20 Seats available
Goa to Satara,https://www.redbus.in/bus-tickets/goa-to-satara,Atmaram Travels(KVT Narmada Red),Bharat Benz A/C Sleeper (2+1),21:16,08h 45m,06:01,4.5,INR 900,23 Seats available
Goa to Satara,https://www.redbus.in/bus-tickets/goa-to-satara,Laxmi Queen Prime,A/C Sleeper (2+1),19:53,09h 17m,05:00,4.4,INR 900,10 Seats available
Goa to Satara,https://www.redbus.in/bus-tickets/goa-to-satara,Atmaram Gobus,NON A/C Sleeper (2+1),20:06,09h 05m,05:11,4.4,INR 700,17 Seats available
Goa to Satara,https://www.redbus.in/bus-tickets/goa-to-satara,Amrutyog Travels,A/C Sleeper (2+1),20:00,10h 00m,06:00,4.2,INR 900,24 Seats available
Goa to Satara,https://www.redbus.in/bus-tickets/goa-to-satara,Atmaram Travels (Unity),A/C Sleeper (2+1),20:00,08h 45m,04:45,4.8,INR 1000,22 Seats available
Goa to Satara,https://www.redbus.in/bus-tickets/goa-to-satara,Laxmi-Princess Nova,Non A/C Seater / Sleeper (2+1),20:30,07h 30m,04:00,4.2,INR 500,8 Seats available
Goa to Satara,https://www.redbus.in/bus-tickets/goa-to-satara,Prasanna - Purple Bus,VE A/C Sleeper (2+1),22:00,07h 30m,05:30,4.2,INR 905,23 Seats available
Goa to Satara,https://www.redbus.in/bus-tickets/goa-to-satara,Atmaram Travels(M.Dev),A/C Sleeper (2+1),22:00,08h 50m,06:50,3.8,INR 1000,16 Seats available
Goa to Satara,https://www.redbus.in/bus-tickets/goa-to-satara,Prasanna - Purple Bus,VE A/C Sleeper (2+1),22:15,07h 30m,05:45,3.6,INR 920,24 Seats available
Goa to Satara,https://www.redbus.in/bus-tickets/goa-to-satara,IntrCity SmartBus,AC Sleeper (2+1),20:05,07h 05m,03:10,5.0,INR 959,3 Seats available
Goa to Satara,https://www.redbus.in/bus-tickets/goa-to-satara,PSR Travels Goa,A/C Sleeper (2+1),20:05,07h 05m,03:10,5.0,INR 900,13 Seats available
Goa to Satara,https://www.redbus.in/bus-tickets/goa-to-satara,Atmaram Gobus,VE A/C Sleeper (2+1),21:32,08h 00m,05:32,5.0,INR 900,12 Seats available
Goa to Satara,https://www.redbus.in/bus-tickets/goa-to-satara,IntrCity SmartBus,AC Sleeper (2+1),20:00,08h 10m,04:10,5.0,INR 959,10 Seats available
Goa to Satara,https://www.redbus.in/bus-tickets/goa-to-satara,Zingbus Plus,VE A/C Sleeper (2+1),20:05,08h 45m,04:50,4.0,900,25 Seats available
Goa to Satara,https://www.redbus.in/bus-tickets/goa-to-satara,"National Travels,Goa",NON A/C Sleeper (2+1),19:55,07h 35m,03:30,5.0,INR 700,10 Seats available
Goa to Satara,https://www.redbus.in/bus-tickets/goa-to-satara,Ashray Travels,Non A/C Seater / Sleeper (2+1),20:00,07h 00m,03:00,5.0,INR 500,16 Seats available
Goa to Satara,https://www.redbus.in/bus-tickets/goa-to-satara,IntrCity SmartBus,Bharat Benz A/C Sleeper (2+1),19:55,07h 45m,03:40,4.4,INR 1029,29 Seats available
Goa to Satara,https://www.redbus.in/bus-tickets/goa-to-satara,Ashray Travels,Volvo Multi-Axle A/C Sleeper (2+1),20:00,09h 30m,05:30,4.0,INR 1000,4 Seats available
Goa to Satara,https://www.redbus.in/bus-tickets/goa-to-satara,Atmaram Travels (Dolphin),A/C Sleeper (2+1),20:15,08h 55m,05:10,4.0,INR 1000,19 Seats available
Goa to Satara,https://www.redbus.in/bus-tickets/goa-to-satara,Atmaram Travels ( Ashray ),A/C Sleeper (2+1),22:02,09h 30m,07:32,4.0,INR 900,15 Seats available
Goa to Satara,https://www.redbus.in/bus-tickets/goa-to-satara,Atmaram Travels (Dolphin),A/C Sleeper (2+1),21:02,10h 00m,07:02,3.7,INR 1000,26 Seats available
Goa to Satara,https://www.redbus.in/bus-tickets/goa-to-satara,Laxmi Empress Stellar,NON A/C Sleeper (2+1),19:55,08h 20m,04:15,3.7,INR 700,5 Seats available
Goa to Satara,https://www.redbus.in/bus-tickets/goa-to-satara,Atmaram Gobus,NON A/C Sleeper (2+1),20:31,09h 15m,05:46,4.5,INR 699,18 Seats available
Goa to Satara,https://www.redbus.in/bus-tickets/goa-to-satara,Sangitam Travels Tanzanite,A/C Sleeper (2+1),21:00,07h 30m,04:30,4.2,INR 2000,36 Seats available
Goa to Satara,https://www.redbus.in/bus-tickets/goa-to-satara,Atmaram Travels (Shreyas),NON A/C Sleeper (2+1),20:30,08h 30m,05:00,3.8,INR 2000,30 Seats available
Goa to Satara,https://www.redbus.in/bus-tickets/goa-to-satara,Atmaram Travels ( Ashray ),A/C Sleeper (2+1),20:30,08h 30m,05:00,2.2,INR 900,24 Seats available
Goa to Satara,https://www.redbus.in/bus-tickets/goa-to-satara,Manish Roshan Travels,A/C Sleeper (2+1),20:00,09h 30m,05:30,2.6,INR 1000,21 Seats available
Goa to Satara,https://www.redbus.in/bus-tickets/goa-to-satara,Manish Travels,A/C Sleeper (2+1),20:00,06h 30m,02:30,2.6,INR 1000,13 Seats available
Goa to Satara,https://www.redbus.in/bus-tickets/goa-to-satara,Ashray Travels,Volvo Multi-Axle Sleeper A/C (2+1),22:45,09h 30m,08:15,4.0,INR 1000,26 Seats available
Goa to Satara,https://www.redbus.in/bus-tickets/goa-to-satara,Atmaram Travels (Shreyas),Bharat Benz A/C Sleeper (2+1),20:03,09h 00m,05:03,4.0,INR 900,20 Seats available
Goa to Satara,https://www.redbus.in/bus-tickets/goa-to-satara,Atmaram Travels (Vishal),A/C Sleeper (2+1),20:00,06h 20m,02:20,4.0,INR 1999,25 Seats available
Goa to Satara,https://www.redbus.in/bus-tickets/goa-to-satara,Atmaram Travels ( Gogte ),A/C Sleeper (2+1),20:35,09h 30m,06:05,4.0,INR 900,25 Seats available
Goa to Satara,https://www.redbus.in/bus-tickets/goa-to-satara,Atmaram Travels (Humsafar),Bharat Benz A/C Sleeper (2+1),20:00,07h 45m,03:45,4.0,INR 900,7 Seats available
Goa to Satara,https://www.redbus.in/bus-tickets/goa-to-satara,Anand Tours And Travels,Volvo Multi-Axle I-Shift A/C Sleeper (2+1),21:00,08h 20m,05:20,4.0,INR 2900,41 Seats available
Goa to Satara,https://www.redbus.in/bus-tickets/goa-to-satara,Atmaram Travels(GTA),A/C Sleeper (2+1),20:00,08h 15m,04:15,4.0,INR 1000,32 Seats available
Goa to Satara,https://www.redbus.in/bus-tickets/goa-to-satara,Atmaram Travels (Dolphin),AC Sleeper (2+1),20:00,08h 00m,04:00,4.0,INR 1000,22 Seats available
Goa to Satara,https://www.redbus.in/bus-tickets/goa-to-satara,Atmaram Travels (Vaibhav),A/C Sleeper (2+1),22:31,08h 45m,07:16,1.0,INR 1000,23 Seats available
Goa to Satara,https://www.redbus.in/bus-tickets/goa-to-satara,Giroba Travels (Kelkar),NON A/C Airbus (2+2),20:15,07h 45m,04:00,3.3,INR 500,6 Seats available
Goa to Satara,https://www.redbus.in/bus-tickets/goa-to-satara,Manish Sharma Travels,A/C Sleeper (2+1),20:10,07h 50m,04:00,3.0,INR 1000,16 Seats available
Goa to Satara,https://www.redbus.in/bus-tickets/goa-to-satara,Naik Tours And Travels,NON A/C Sleeper (2+1),20:00,07h 35m,03:35,2.7,INR 900,26 Seats available
Goa to Satara,https://www.redbus.in/bus-tickets/goa-to-satara,PSR Travels (Vaibhav),A/C Sleeper (2+1),22:30,07h 00m,05:30,1.0,INR 900,26 Seats available
Goa to Shirdi,https://www.redbus.in/bus-tickets/goa-to-shirdi,PSR Travels Goa,A/C Sleeper (2+1),20:05,13h 55m,10:00,3.7,INR 1399,13 Seats available
Mopa Airport to Margao,https://www.redbus.in/bus-tickets/mopa-airport-to-margoa,Kadamba Transport Corporation Limited (KTCL) - 161590,A/C Seater (2+1),20:00,00h 30m,20:30,3.7,INR 150,15 Seats available
Mopa Airport to Margao,https://www.redbus.in/bus-tickets/mopa-airport-to-margoa,Kadamba Transport Corporation Limited (KTCL) - 159016,A/C Seater (2+3),21:00,02h 00m,23:00,4.3,INR 400,47 Seats available
Mopa Airport to Margao,https://www.redbus.in/bus-tickets/mopa-airport-to-margoa,Kadamba Transport Corporation Limited (KTCL) - 159016,A/C Seater (2+3),21:00,00h 55m,21:55,3.7,INR 200,47 Seats available
