Route_Name,Route_Link,Bus_Name,Bus_Type,Departing_Time,Duration,Reaching_Time,Star_Rating,Price,Seat_Availability,State_Transport
Tezpur to Guwahati,https://www.redbus.in/bus-tickets/tezpur-to-guwahati,Assam State Transport Corporation (ASTC) - 147480,Bharat Benz A/C Seater (2+2),05:00,04h 00m,09:00,3.9,INR 270,10 Seats available,Assam
Tezpur to Guwahati,https://www.redbus.in/bus-tickets/tezpur-to-guwahati,Assam State Transport Corporation (ASTC) - 154930,Volvo AC Seater 2+2,15:45,04h 15m,20:00,4.0,INR 298,13 Seats available,Assam
Tezpur to Guwahati,https://www.redbus.in/bus-tickets/tezpur-to-guwahati,Assam State Transport Corporation (ASTC) - 161055,Volvo AC Seater 2+2,16:15,04h 15m,20:30,4.0,INR 298,16 Seats available,Assam
Tezpur to Guwahati,https://www.redbus.in/bus-tickets/tezpur-to-guwahati,Mahi Travels(Under ASTC),A/C Seater (2+2),05:40,03h 15m,08:55,4.5,384,7 Seats available,Assam
Tezpur to Guwahati,https://www.redbus.in/bus-tickets/tezpur-to-guwahati,WARISPIYA TRAVELS,Bharat Benz A/C Seater (2+2),06:30,03h 55m,10:25,4.3,INR 360,17 Seats available,Assam
Tezpur to Guwahati,https://www.redbus.in/bus-tickets/tezpur-to-guwahati,Orient Transline,A/C Seater (2+1),06:45,03h 25m,10:10,4.6,INR 361.9,4 Seats available,Assam
Tezpur to Guwahati,https://www.redbus.in/bus-tickets/tezpur-to-guwahati,WARISPIYA TRAVELS,AC Seater (2+2),07:45,04h 15m,12:00,4.1,INR 360,9 Seats available,Assam
Tezpur to Guwahati,https://www.redbus.in/bus-tickets/tezpur-to-guwahati,Aziba Travels,NON A/C Seater (2+1),09:45,04h 25m,14:10,4.3,347,2 Seats available,Assam
Tezpur to Guwahati,https://www.redbus.in/bus-tickets/tezpur-to-guwahati,Pranjit Travels (Under ASTC),NON A/C Seater (2+1),10:30,05h 15m,15:45,3.7,INR 450,2 Seats available,Assam
Tezpur to Guwahati,https://www.redbus.in/bus-tickets/tezpur-to-guwahati,Chartered Bus - ASTC,A/C Seater Push Back (2+2),11:30,04h 45m,16:15,4.1,INR 485.57,1 Seat available,Assam
Tezpur to Guwahati,https://www.redbus.in/bus-tickets/tezpur-to-guwahati,Pranjit Travels (Under ASTC),NON A/C Seater (2+1),11:30,05h 15m,16:45,4.1,INR 450,2 Seats available,Assam
Tezpur to Guwahati,https://www.redbus.in/bus-tickets/tezpur-to-guwahati,Chartered Bus - ASTC,Volvo AC Seater Pushback 2+2,13:00,04h 00m,17:00,4.6,INR 474.22,2 Seats available,Assam
Tezpur to Guwahati,https://www.redbus.in/bus-tickets/tezpur-to-guwahati,SHIVAM TRAVELS,NON A/C Seater (2+2),15:00,04h 15m,19:15,4.3,405,24 Seats available,Assam
Tezpur to Guwahati,https://www.redbus.in/bus-tickets/tezpur-to-guwahati,Chartered Bus - ASTC,Volvo AC Seater Pushback 2+2,15:30,03h 45m,19:15,4.5,INR 389.13,12 Seats available,Assam
Tezpur to Guwahati,https://www.redbus.in/bus-tickets/tezpur-to-guwahati,BLUE HILL TRAVELS INDIA LIMITED,NON A/C Seater Semi Sleeper (2+1),21:30,06h 00m,03:30,3.0,INR 400,29 Seats available,Assam
Tezpur to Guwahati,https://www.redbus.in/bus-tickets/tezpur-to-guwahati,Pranjit Travels (Under ASTC),NON A/C Seater (2+1),01:15,05h 15m,06:30,2.9,INR 450,11 Seats available,Assam
Tezpur to Guwahati,https://www.redbus.in/bus-tickets/tezpur-to-guwahati,Upasana Travels (Under ASTC),A/C Seater (2+2),06:35,04h 05m,10:40,1.8,INR 285,7 Seats available,Assam
Tezpur to Guwahati,https://www.redbus.in/bus-tickets/tezpur-to-guwahati,Himalayan Travels,NON AC Seater / Sleeper 2+1,23:40,04h 20m,04:00,2.1,INR 500,27 Seats available,Assam
Tezpur to Guwahati,https://www.redbus.in/bus-tickets/tezpur-to-guwahati,Shopuris Travels,Non AC Seater (2+1),22:15,05h 45m,04:00,2.4,INR 600,6 Seats available,Assam
Tezpur to Guwahati,https://www.redbus.in/bus-tickets/tezpur-to-guwahati,Pranjit Travels (Under ASTC),Bharat Benz A/C Seater (2+1),01:15,05h 00m,06:15,0.0,INR 550,10 Seats available,Assam
Guwahati to Tezpur,https://www.redbus.in/bus-tickets/guwahati-to-tezpur,Aziba Travels,NON A/C Seater (2+1),05:45,04h 55m,10:40,3.7,347,1 Seat available,Assam
Guwahati to Tezpur,https://www.redbus.in/bus-tickets/guwahati-to-tezpur,Chartered Bus - ASTC,Volvo AC Seater Pushback 2+2,06:15,04h 30m,10:45,4.5,INR 389.13,23 Seats available,Assam
Guwahati to Tezpur,https://www.redbus.in/bus-tickets/guwahati-to-tezpur,SHIVAM TRAVELS,Bharat Benz A/C Seater (2+1),06:45,04h 25m,11:10,4.5,297,25 Seats available,Assam
Guwahati to Tezpur,https://www.redbus.in/bus-tickets/guwahati-to-tezpur,Chartered Bus - ASTC,A/C Seater Push Back (2+2),07:00,04h 00m,11:00,4.3,INR 485.57,7 Seats available,Assam
Guwahati to Tezpur,https://www.redbus.in/bus-tickets/guwahati-to-tezpur,Yatra Travels,NON A/C Seater (2+1),07:00,05h 00m,12:00,4.2,450,2 Seats available,Assam
Guwahati to Tezpur,https://www.redbus.in/bus-tickets/guwahati-to-tezpur,Chartered Bus - ASTC,Volvo AC Seater Pushback 2+2,07:30,04h 00m,11:30,4.7,INR 389.13,7 Seats available,Assam
Guwahati to Tezpur,https://www.redbus.in/bus-tickets/guwahati-to-tezpur,Mahi Travels(Under ASTC),A/C Seater (2+2),10:00,05h 00m,15:00,4.0,357,6 Seats available,Assam
Guwahati to Tezpur,https://www.redbus.in/bus-tickets/guwahati-to-tezpur,Pranjit Travels (Under ASTC),NON A/C Seater (2+1),07:45,05h 25m,13:10,3.0,INR 450,8 Seats available,Assam
Guwahati to Tezpur,https://www.redbus.in/bus-tickets/guwahati-to-tezpur,Yatra Travels,NON AC Seater/ Sleeper (2+1),20:00,04h 00m,00:00,3.5,400,34 Seats available,Assam
Guwahati to Tezpur,https://www.redbus.in/bus-tickets/guwahati-to-tezpur,Orient Transline,A/C Seater (2+1),11:30,04h 20m,15:50,4.1,INR 380.95,3 Seats available,Assam
Guwahati to Tezpur,https://www.redbus.in/bus-tickets/guwahati-to-tezpur,Mahi Travels(Under ASTC),Bharat Benz A/C Seater (2+2),10:30,04h 55m,15:25,3.4,347,1 Seat available,Assam
Guwahati to Tezpur,https://www.redbus.in/bus-tickets/guwahati-to-tezpur,Orient Transline,A/C Seater (2+1),13:00,04h 10m,17:10,4.3,INR 380.95,2 Seats available,Assam
Guwahati to Tezpur,https://www.redbus.in/bus-tickets/guwahati-to-tezpur,WARISPIYA TRAVELS,AC Seater (2+2),15:00,03h 40m,18:40,4.4,INR 360,8 Seats available,Assam
Guwahati to Tezpur,https://www.redbus.in/bus-tickets/guwahati-to-tezpur,WARISPIYA TRAVELS,AC Seater (2+2),15:35,03h 40m,19:15,3.9,INR 360,37 Seats available,Assam
Guwahati to Tezpur,https://www.redbus.in/bus-tickets/guwahati-to-tezpur,WARISPIYA TRAVELS,Bharat Benz A/C Seater (2+2),16:15,03h 25m,19:40,4.3,INR 360,30 Seats available,Assam
Guwahati to Tezpur,https://www.redbus.in/bus-tickets/guwahati-to-tezpur,Pranjit Travels (Under ASTC),A/C Seater / Sleeper (2+1),20:45,05h 45m,02:30,3.3,INR 500,36 Seats available,Assam
Guwahati to Tezpur,https://www.redbus.in/bus-tickets/guwahati-to-tezpur,Pranjit Travels (Under ASTC),NON A/C Seater (2+1),21:15,04h 30m,01:45,3.3,INR 450,29 Seats available,Assam
Guwahati to Tezpur,https://www.redbus.in/bus-tickets/guwahati-to-tezpur,Yatra Travels,NON A/C Seater (2+1),18:00,05h 30m,23:30,3.2,400,19 Seats available,Assam
Guwahati to Tezpur,https://www.redbus.in/bus-tickets/guwahati-to-tezpur,NETWORK TRAVELS,NON A/C Seater Push Back (2+2),10:30,05h 45m,16:15,2.0,INR 250,30 Seats available,Assam
Guwahati to Tezpur,https://www.redbus.in/bus-tickets/guwahati-to-tezpur,Upasana Travels (Under ASTC),Non AC Seater (2+2),11:00,04h 00m,15:00,2.6,INR 290,14 Seats available,Assam
Guwahati to Tezpur,https://www.redbus.in/bus-tickets/guwahati-to-tezpur,Upasana Travels (Under ASTC),A/C Seater (2+2),11:30,04h 30m,16:00,2.6,INR 300,21 Seats available,Assam
Guwahati to Tezpur,https://www.redbus.in/bus-tickets/guwahati-to-tezpur,BLUE HILL TRAVELS INDIA LIMITED,NON A/C Seater Semi Sleeper (2+1),20:00,05h 15m,01:15,2.9,INR 500,12 Seats available,Assam
Guwahati to Tezpur,https://www.redbus.in/bus-tickets/guwahati-to-tezpur,Himalayan Travels,NON AC Seater / Sleeper 2+1,20:30,06h 00m,02:30,1.0,INR 500,27 Seats available,Assam
Guwahati to Tezpur,https://www.redbus.in/bus-tickets/guwahati-to-tezpur,Shopuris Travels,Non AC Seater (2+1),17:00,05h 00m,22:00,4.1,INR 550,31 Seats available,Assam
Guwahati to Tezpur,https://www.redbus.in/bus-tickets/guwahati-to-tezpur,Pranjit Travels (Under ASTC),Bharat Benz A/C Seater (2+1),21:30,05h 00m,02:30,4.2,INR 600,22 Seats available,Assam
Guwahati to Tezpur,https://www.redbus.in/bus-tickets/guwahati-to-tezpur,Yatra Travels,NON AC Seater/ Sleeper (2+1),20:30,04h 30m,01:00,0.0,400,31 Seats available,Assam
Guwahati to Nagaon (Assam),https://www.redbus.in/bus-tickets/guwahati-to-nagaon,Chartered Bus - ASTC,Volvo AC Seater Pushback 2+2,06:15,03h 00m,09:15,4.3,INR 270.01,24 Seats available,Assam
Guwahati to Nagaon (Assam),https://www.redbus.in/bus-tickets/guwahati-to-nagaon,SHIVAM TRAVELS,NON A/C Seater (2+2),06:45,02h 45m,09:30,3.8,270,25 Seats available,Assam
Guwahati to Nagaon (Assam),https://www.redbus.in/bus-tickets/guwahati-to-nagaon,Chartered Bus - ASTC,Volvo AC Seater Pushback 2+2,07:30,02h 00m,09:30,4.6,INR 270.01,7 Seats available,Assam
Guwahati to Nagaon (Assam),https://www.redbus.in/bus-tickets/guwahati-to-nagaon,Kareng Travels,A/C Seater (2+1),09:30,03h 30m,13:00,4.6,INR 300,6 Seats available,Assam
Guwahati to Nagaon (Assam),https://www.redbus.in/bus-tickets/guwahati-to-nagaon,Mahi Travels(Under ASTC),A/C Seater (2+2),10:00,03h 30m,13:30,3.3,360,37 Seats available,Assam
Guwahati to Nagaon (Assam),https://www.redbus.in/bus-tickets/guwahati-to-nagaon,Mahi Travels(Under ASTC),Bharat Benz A/C Seater (2+2),10:30,03h 20m,13:50,4.5,322,3 Seats available,Assam
Guwahati to Nagaon (Assam),https://www.redbus.in/bus-tickets/guwahati-to-nagaon,Orient Transline,A/C Seater (2+1),11:30,02h 55m,14:25,4.2,INR 333.33,13 Seats available,Assam
Guwahati to Nagaon (Assam),https://www.redbus.in/bus-tickets/guwahati-to-nagaon,Kareng Travels,Non AC Seater (2+2),11:45,03h 00m,14:45,4.5,266,29 Seats available,Assam
Guwahati to Nagaon (Assam),https://www.redbus.in/bus-tickets/guwahati-to-nagaon,Orient Transline,A/C Seater (2+1),13:00,02h 45m,15:45,3.4,INR 333.33,2 Seats available,Assam
Nagaon (Assam) to Guwahati,https://www.redbus.in/bus-tickets/nagaon-to-guwahati,Purple Wings Coaches,A/C Seater / Sleeper (2+1),04:05,02h 40m,06:45,3.7,INR 500,9 Seats available,Assam
Nagaon (Assam) to Guwahati,https://www.redbus.in/bus-tickets/nagaon-to-guwahati,Orient Transline,A/C Seater (2+1),08:00,02h 10m,10:10,3.4,INR 333.33,4 Seats available,Assam
Nagaon (Assam) to Guwahati,https://www.redbus.in/bus-tickets/nagaon-to-guwahati,Orient Transline,A/C Seater (2+1),08:50,02h 10m,11:00,3.6,INR 333.33,2 Seats available,Assam
Nagaon (Assam) to Guwahati,https://www.redbus.in/bus-tickets/nagaon-to-guwahati,SHIVAM TRAVELS,Bharat Benz A/C Seater (2+1),16:45,02h 30m,19:15,4.5,342,24 Seats available,Assam
Nagaon (Assam) to Guwahati,https://www.redbus.in/bus-tickets/nagaon-to-guwahati,Baikuntha Transport Service,Bharat Benz A/C Seater (2+1),14:00,03h 00m,17:00,3.0,500,10 Seats available,Assam
Nagaon (Assam) to Guwahati,https://www.redbus.in/bus-tickets/nagaon-to-guwahati,Chartered Bus - ASTC,Volvo AC Seater Pushback 2+2,14:30,02h 30m,17:00,4.6,INR 377.79,2 Seats available,Assam
Nagaon (Assam) to Guwahati,https://www.redbus.in/bus-tickets/nagaon-to-guwahati,Mahi Travels(Under ASTC),A/C Seater (2+2),06:50,02h 05m,08:55,2.4,338,7 Seats available,Assam
Nagaon (Assam) to Guwahati,https://www.redbus.in/bus-tickets/nagaon-to-guwahati,Chartered Bus - ASTC,Volvo AC Seater Pushback 2+2,17:00,02h 15m,19:15,4.6,INR 383.46,12 Seats available,Assam
Nagaon (Assam) to Guwahati,https://www.redbus.in/bus-tickets/nagaon-to-guwahati,Kareng Travels,Non AC Seater (2+2),07:15,02h 15m,09:30,1.0,285,1 Seat available,Assam
Nagaon (Assam) to Guwahati,https://www.redbus.in/bus-tickets/nagaon-to-guwahati,Pranjit Travels (Under ASTC),NON A/C Seater (2+1),13:00,02h 45m,15:45,2.4,INR 300,4 Seats available,Assam
Nagaon (Assam) to Guwahati,https://www.redbus.in/bus-tickets/nagaon-to-guwahati,Christina Travels,NON A/C Seater (2+2),16:00,02h 20m,18:20,3.0,650,22 Seats available,Assam
Goalpara to Guwahati,https://www.redbus.in/bus-tickets/goalpara-to-guwahati,Balaji Tours And Travels,NON A/C Seater (2+2),10:45,04h 00m,14:45,1.0,INR 162,31 Seats available,Assam
Jorhat to North Lakhimpur,https://www.redbus.in/bus-tickets/jorhat-to-north-lakhimpur,Padmanav Travels,NON A/C Seater Push Back (2+2),06:00,07h 45m,13:45,3.7,561,31 Seats available,Assam
Dhubri to Guwahati,https://www.redbus.in/bus-tickets/dhubri-to-guwahati,Yatra,Non AC Seater (2+2),20:15,07h 15m,03:30,2.4,INR 350,40 Seats available,Assam
Dhubri to Guwahati,https://www.redbus.in/bus-tickets/dhubri-to-guwahati,Arifa Travels,Non AC Seater (2+2),05:30,05h 30m,11:00,1.5,INR 300,44 Seats available,Assam
Dhubri to Guwahati,https://www.redbus.in/bus-tickets/dhubri-to-guwahati,MAA MONOSHA TRAVELS,NON A/C Seater (2+1),20:00,07h 30m,03:30,2.2,INR 350,38 Seats available,Assam
Dhubri to Guwahati,https://www.redbus.in/bus-tickets/dhubri-to-guwahati,Yatra,Non AC Seater (2+2),11:15,07h 30m,18:45,1.5,INR 300,41 Seats available,Assam
Dhubri to Guwahati,https://www.redbus.in/bus-tickets/dhubri-to-guwahati,Rizwan Travels,Non AC Seater (2+2),12:30,07h 30m,20:00,2.2,INR 300,45 Seats available,Assam
Dhubri to Guwahati,https://www.redbus.in/bus-tickets/dhubri-to-guwahati,Yatra,Non AC Seater (2+2),13:15,07h 15m,20:30,3.0,INR 300,41 Seats available,Assam
Dhubri to Guwahati,https://www.redbus.in/bus-tickets/dhubri-to-guwahati,Rizwan Travels,Non AC Seater (2+2),12:15,07h 00m,19:15,2.2,INR 300,45 Seats available,Assam
Dhubri to Guwahati,https://www.redbus.in/bus-tickets/dhubri-to-guwahati,Arifa Travels,Non AC Seater (2+2),06:40,06h 50m,13:30,1.0,INR 300,44 Seats available,Assam
Jorhat to Dibrugarh,https://www.redbus.in/bus-tickets/jorhat-to-dibrugarh,NEELAKANTHA (RIYA),Tempo Traveler NON A/C,10:15,03h 00m,13:15,1.0,INR 250,16 Seats available,Assam
Jorhat to Dibrugarh,https://www.redbus.in/bus-tickets/jorhat-to-dibrugarh,Purple Wings Coaches,A/C Seater / Sleeper (2+1),01:15,03h 15m,04:30,3.4,INR 629,4 Seats available,Assam
Jorhat to Dibrugarh,https://www.redbus.in/bus-tickets/jorhat-to-dibrugarh,Purple Wings Coaches,A/C Seater / Sleeper (2+1),01:45,03h 15m,05:00,3.4,621,6 Seats available,Assam
Jorhat to Dibrugarh,https://www.redbus.in/bus-tickets/jorhat-to-dibrugarh,GURUNANAK TRAVELS,NON A/C Seater (2+1),02:00,02h 00m,04:00,3.7,INR 500,2 Seats available,Assam
Jorhat to Dibrugarh,https://www.redbus.in/bus-tickets/jorhat-to-dibrugarh,Aniruddha Travels,AC Seater (2+2),11:45,04h 30m,16:15,3.0,INR 500,8 Seats available,Assam
Jorhat to Dibrugarh,https://www.redbus.in/bus-tickets/jorhat-to-dibrugarh,Chartered Bus - ASTC,Volvo AC Seater Pushback 2+2,13:30,03h 45m,17:15,4.8,INR 755.58,12 Seats available,Assam
Jorhat to Dibrugarh,https://www.redbus.in/bus-tickets/jorhat-to-dibrugarh,SHIVAM TRAVELS,Bharat Benz A/C Seater (2+1),13:30,03h 30m,17:00,3.9,INR 690,1 Seat available,Assam
Jorhat to Dibrugarh,https://www.redbus.in/bus-tickets/jorhat-to-dibrugarh,Bashudev Transline (Under ASTC),A/C Seater (2+1),14:10,03h 50m,18:00,4.3,INR 550,3 Seats available,Assam
Jorhat to Dibrugarh,https://www.redbus.in/bus-tickets/jorhat-to-dibrugarh,Christina Travels,NON A/C Seater (2+2),12:30,04h 00m,16:30,2.7,420,12 Seats available,Assam
North Lakhimpur to Jorhat,https://www.redbus.in/bus-tickets/north-lakhimpur-to-jorhat,Padmanav Travels,NON A/C Seater Push Back (2+2),05:30,08h 05m,13:35,3.2,561,12 Seats available,Assam
North Lakhimpur to Jorhat,https://www.redbus.in/bus-tickets/north-lakhimpur-to-jorhat,Priyanka,NON A/C Seater (2+1),17:30,11h 35m,05:05,4.1,INR 600,15 Seats available,Assam
Guwahati to Dhubri,https://www.redbus.in/bus-tickets/guwahati-to-dhubri,Yatra,Non AC Seater (2+2),08:15,07h 15m,15:30,2.1,INR 350,38 Seats available,Assam
Guwahati to Dhubri,https://www.redbus.in/bus-tickets/guwahati-to-dhubri,Yatra,Non AC Seater (2+2),06:30,06h 15m,12:45,1.3,INR 300,41 Seats available,Assam
Guwahati to Dhubri,https://www.redbus.in/bus-tickets/guwahati-to-dhubri,Rizwan Travels,Non AC Seater (2+2),05:15,06h 15m,11:30,4.0,INR 300,44 Seats available,Assam
Guwahati to Dhubri,https://www.redbus.in/bus-tickets/guwahati-to-dhubri,Rizwan Travels,Non AC Seater (2+2),04:45,06h 15m,11:00,1.0,INR 300,45 Seats available,Assam
Dhekiajuli to Guwahati,https://www.redbus.in/bus-tickets/dhekiajuli-to-guwahati,Assam State Transport Corporation (ASTC) - 147480,Bharat Benz A/C Seater (2+2),05:55,03h 05m,09:00,3.7,INR 213,13 Seats available,Assam
Dhekiajuli to Guwahati,https://www.redbus.in/bus-tickets/dhekiajuli-to-guwahati,Upasana Travels (Under ASTC),A/C Seater (2+2),07:15,03h 25m,10:40,3.4,INR 235,7 Seats available,Assam
Dhekiajuli to Guwahati,https://www.redbus.in/bus-tickets/dhekiajuli-to-guwahati,Volenath,Non AC Seater (2+2),05:30,04h 00m,09:30,1.0,INR 234,25 Seats available,Assam
Dibrugarh to Jorhat,https://www.redbus.in/bus-tickets/dibrugarh-to-jorhat,Bashudev Transline (Under ASTC),A/C Seater (2+1),06:45,03h 45m,10:30,4.1,INR 550,3 Seats available,Assam
Dibrugarh to Jorhat,https://www.redbus.in/bus-tickets/dibrugarh-to-jorhat,SHIVAM TRAVELS,Bharat Benz A/C Seater (2+1),07:30,03h 45m,11:15,4.7,INR 680,3 Seats available,Assam
Dibrugarh to Jorhat,https://www.redbus.in/bus-tickets/dibrugarh-to-jorhat,Aniruddha Travels,AC Seater (2+2),07:30,03h 40m,11:10,3.3,INR 500,1 Seat available,Assam
Dibrugarh to Jorhat,https://www.redbus.in/bus-tickets/dibrugarh-to-jorhat,Trishul Transport Service,A/C Seater / Sleeper (2+1),19:15,03h 40m,22:55,2.6,495,3 Seats available,Assam
Dibrugarh to Jorhat,https://www.redbus.in/bus-tickets/dibrugarh-to-jorhat,Baikuntha Transport Service,Bharat Benz A/C Seater /Sleeper (2+1),19:30,03h 45m,23:15,3.1,500,7 Seats available,Assam
Dibrugarh to Jorhat,https://www.redbus.in/bus-tickets/dibrugarh-to-jorhat,NEELAKANTHA (RIYA),Tempo Traveler NON A/C,15:15,03h 00m,18:15,1.0,INR 250,20 Seats available,Assam
Dibrugarh to Jorhat,https://www.redbus.in/bus-tickets/dibrugarh-to-jorhat,Murugan RC Travels,Non AC Seater (2+1),18:55,04h 05m,23:00,2.7,600,25 Seats available,Assam
Jorhat to Tinsukia,https://www.redbus.in/bus-tickets/jorhat-to-tinsukia,Assam State Transport Corporation (ASTC) - 154034,A/C Seater (2+1),09:15,05h 45m,15:00,3.0,INR 285,1 Seat available,Assam
Jorhat to Tinsukia,https://www.redbus.in/bus-tickets/jorhat-to-tinsukia,Purple Wings Coaches,A/C Seater / Sleeper (2+1),01:15,04h 30m,05:45,4.4,INR 639,4 Seats available,Assam
Jorhat to Tinsukia,https://www.redbus.in/bus-tickets/jorhat-to-tinsukia,Purple Wings Coaches,A/C Seater / Sleeper (2+1),01:45,04h 15m,06:00,4.4,621,6 Seats available,Assam
Jorhat to Tinsukia,https://www.redbus.in/bus-tickets/jorhat-to-tinsukia,Aniruddha Travels,AC Seater (2+2),11:45,05h 45m,17:30,3.9,INR 500,8 Seats available,Assam
Jorhat to Tinsukia,https://www.redbus.in/bus-tickets/jorhat-to-tinsukia,Christina Travels,NON A/C Seater (2+2),12:30,05h 30m,18:00,3.5,450,10 Seats available,Assam
Jorhat to Tinsukia,https://www.redbus.in/bus-tickets/jorhat-to-tinsukia,Chartered Bus - ASTC,Volvo AC Seater Pushback 2+2,13:30,05h 00m,18:30,4.4,INR 863.35,12 Seats available,Assam
Tezpur to Dibrugarh,https://www.redbus.in/bus-tickets/tezpur-to-dibrugarh,Assam State Transport Corporation (ASTC) - 96880,A/C Seater (2+1),08:00,08h 00m,16:00,3.5,INR 463,3 Seats available,Assam
Tezpur to Dibrugarh,https://www.redbus.in/bus-tickets/tezpur-to-dibrugarh,Aniruddha Travels,AC Seater (2+2),07:50,08h 25m,16:15,4.2,INR 600,7 Seats available,Assam
Tezpur to Dibrugarh,https://www.redbus.in/bus-tickets/tezpur-to-dibrugarh,MOON TRAVELS,AC Seater (2+2),07:15,08h 05m,15:20,2.9,INR 550,35 Seats available,Assam
Tezpur to Dibrugarh,https://www.redbus.in/bus-tickets/tezpur-to-dibrugarh,SANJEEBANI TRAVELS,Non A/C Seater / Sleeper (2+1),21:30,07h 30m,05:00,2.7,INR 600,1 Seat available,Assam
North Lakhimpur to Tezpur,https://www.redbus.in/bus-tickets/north-lakhimpur-to-tezpur,Assam State Transport Corporation (ASTC) - 170878,Bharat Benz A/C Seater (2+2),07:00,03h 35m,10:35,4.3,INR 333,1 Seat available,Assam
North Lakhimpur to Tezpur,https://www.redbus.in/bus-tickets/north-lakhimpur-to-tezpur,Aziba Travels,NON A/C Seater (2+1),05:35,04h 10m,09:45,4.7,396,5 Seats available,Assam
North Lakhimpur to Tezpur,https://www.redbus.in/bus-tickets/north-lakhimpur-to-tezpur,Pranjit Travels (Under ASTC),NON A/C Seater (2+1),06:30,04h 00m,10:30,3.0,INR 450,4 Seats available,Assam
North Lakhimpur to Tezpur,https://www.redbus.in/bus-tickets/north-lakhimpur-to-tezpur,Pranjit Travels (Under ASTC),NON A/C Seater (2+1),07:15,04h 15m,11:30,3.5,INR 450,4 Seats available,Assam
North Lakhimpur to Tezpur,https://www.redbus.in/bus-tickets/north-lakhimpur-to-tezpur,Narayan Travels,AC Seater (2+2),07:20,05h 25m,12:45,3.0,399,34 Seats available,Assam
North Lakhimpur to Tezpur,https://www.redbus.in/bus-tickets/north-lakhimpur-to-tezpur,Sparrow Travels (Under ASTC),A/C Seater Push Back (2+2),10:40,05h 20m,16:00,3.0,INR 420,40 Seats available,Assam
North Lakhimpur to Tezpur,https://www.redbus.in/bus-tickets/north-lakhimpur-to-tezpur,Sparrow Travels (Under ASTC),Non AC Seater (2+2),12:30,06h 15m,18:45,1.8,INR 350,40 Seats available,Assam
North Lakhimpur to Tezpur,https://www.redbus.in/bus-tickets/north-lakhimpur-to-tezpur,Mahadev K.P.,Tata A/C Seater (2+2),05:00,05h 15m,10:15,1.8,INR 460,41 Seats available,Assam
North Lakhimpur to Tezpur,https://www.redbus.in/bus-tickets/north-lakhimpur-to-tezpur,Mahadev K.P.,Tata A/C Seater (2+2),05:20,05h 10m,10:30,1.2,INR 460,41 Seats available,Assam
North Lakhimpur to Tezpur,https://www.redbus.in/bus-tickets/north-lakhimpur-to-tezpur,Ruma Travels (Under ASTC),Non AC Seater (2+2),08:30,07h 00m,15:30,1.5,INR 350,41 Seats available,Assam
North Lakhimpur to Tezpur,https://www.redbus.in/bus-tickets/north-lakhimpur-to-tezpur,Debarath,A/C Seater Hi-Tech Push Back (2+2),10:00,05h 45m,15:45,1.7,INR 460,40 Seats available,Assam
North Lakhimpur to Tezpur,https://www.redbus.in/bus-tickets/north-lakhimpur-to-tezpur,B.M. Travels (Swastidut) - Under ASTC,Non AC Seater (2+2),10:30,05h 50m,16:20,1.0,INR 350,41 Seats available,Assam
North Lakhimpur to Tezpur,https://www.redbus.in/bus-tickets/north-lakhimpur-to-tezpur,Mayur Travels (Under ASTC),Non AC Seater (2+2),12:15,05h 45m,18:00,4.6,INR 350,42 Seats available,Assam
North Lakhimpur to Tezpur,https://www.redbus.in/bus-tickets/north-lakhimpur-to-tezpur,Chartered Bus - ASTC,A/C Seater Push Back (2+2),07:45,03h 45m,11:30,0.0,INR 755.58,1 Seat available,Assam
Guwahati to Biswanath Charali,https://www.redbus.in/bus-tickets/guwahati-to-biswanath-charali,Aziba Travels,NON A/C Seater (2+1),05:45,06h 05m,11:50,4.2,396,1 Seat available,Assam
Guwahati to Biswanath Charali,https://www.redbus.in/bus-tickets/guwahati-to-biswanath-charali,Yatra Travels,NON A/C Seater (2+1),07:00,05h 40m,12:40,4.3,450,2 Seats available,Assam
Guwahati to Biswanath Charali,https://www.redbus.in/bus-tickets/guwahati-to-biswanath-charali,Chartered Bus - ASTC,A/C Seater Push Back (2+2),07:00,05h 00m,12:00,4.7,INR 712.47,5 Seats available,Assam
Guwahati to Biswanath Charali,https://www.redbus.in/bus-tickets/guwahati-to-biswanath-charali,Pranjit Travels (Under ASTC),NON A/C Seater (2+1),07:45,07h 15m,15:00,3.7,INR 500,6 Seats available,Assam
Guwahati to Biswanath Charali,https://www.redbus.in/bus-tickets/guwahati-to-biswanath-charali,Mahi Travels(Under ASTC),A/C Seater (2+2),10:00,06h 30m,16:30,4.1,467,8 Seats available,Assam
Guwahati to Biswanath Charali,https://www.redbus.in/bus-tickets/guwahati-to-biswanath-charali,Orient Transline,A/C Seater (2+1),11:30,05h 40m,17:10,4.3,INR 476.19,3 Seats available,Assam
Guwahati to Biswanath Charali,https://www.redbus.in/bus-tickets/guwahati-to-biswanath-charali,Yatra Travels,NON AC Seater/ Sleeper (2+1),20:00,05h 00m,01:00,4.1,450,20 Seats available,Assam
Guwahati to Biswanath Charali,https://www.redbus.in/bus-tickets/guwahati-to-biswanath-charali,Orient Transline,A/C Seater (2+1),13:00,06h 10m,19:10,3.9,INR 476.19,2 Seats available,Assam
Guwahati to Biswanath Charali,https://www.redbus.in/bus-tickets/guwahati-to-biswanath-charali,Shopuris Travels,Non AC Seater (2+1),17:00,05h 45m,22:45,2.5,INR 600,31 Seats available,Assam
Guwahati to Biswanath Charali,https://www.redbus.in/bus-tickets/guwahati-to-biswanath-charali,NORTH EAST TRAVELS(UNDER ASTC),NON A/C Seater (2+1),20:15,06h 15m,02:30,3.6,450,22 Seats available,Assam
Guwahati to Biswanath Charali,https://www.redbus.in/bus-tickets/guwahati-to-biswanath-charali,Yatra Travels,NON A/C Seater (2+1),18:00,07h 30m,01:30,4.4,450,17 Seats available,Assam
Guwahati to Biswanath Charali,https://www.redbus.in/bus-tickets/guwahati-to-biswanath-charali,Pranjit Travels (Under ASTC),A/C Seater / Sleeper (2+1),20:45,06h 45m,03:30,3.6,INR 550,27 Seats available,Assam
Guwahati to Biswanath Charali,https://www.redbus.in/bus-tickets/guwahati-to-biswanath-charali,Pranjit Travels (Under ASTC),NON A/C Seater (2+1),21:15,06h 15m,03:30,3.4,INR 500,22 Seats available,Assam
Guwahati to Biswanath Charali,https://www.redbus.in/bus-tickets/guwahati-to-biswanath-charali,Mahi Travels(Under ASTC),Bharat Benz A/C Seater (2+2),10:30,06h 30m,17:00,3.8,457,3 Seats available,Assam
Guwahati to Biswanath Charali,https://www.redbus.in/bus-tickets/guwahati-to-biswanath-charali,Pranjit Travels (Under ASTC),Bharat Benz A/C Seater (2+1),21:30,06h 15m,03:45,0.0,INR 600,28 Seats available,Assam
North Lakhimpur to Dibrugarh,https://www.redbus.in/bus-tickets/north-lakhimpur-to-dibrugarh,BARBIE TRAVELS,NON A/C Hi-Tech Push Back (2+2),06:00,04h 20m,10:20,5.0,INR 240,40 Seats available,Assam
North Lakhimpur to Dibrugarh,https://www.redbus.in/bus-tickets/north-lakhimpur-to-dibrugarh,BARBIE TRAVELS,NON A/C Hi-Tech Push Back (2+2),07:55,04h 35m,12:30,3.2,INR 240,40 Seats available,Assam
North Lakhimpur to Dibrugarh,https://www.redbus.in/bus-tickets/north-lakhimpur-to-dibrugarh,Maa Jagadamba,NON A/C Seater (2+3),09:20,04h 40m,14:00,3.4,INR 240,39 Seats available,Assam
North Lakhimpur to Dibrugarh,https://www.redbus.in/bus-tickets/north-lakhimpur-to-dibrugarh,Maa Jagadamba,A/C Seater Push Back (2+2),09:40,04h 45m,14:25,3.4,INR 260,41 Seats available,Assam
North Lakhimpur to Dibrugarh,https://www.redbus.in/bus-tickets/north-lakhimpur-to-dibrugarh,BARBIE TRAVELS,A/C Seater Push Back (2+2),10:20,03h 20m,13:40,2.8,INR 280,40 Seats available,Assam
North Lakhimpur to Dibrugarh,https://www.redbus.in/bus-tickets/north-lakhimpur-to-dibrugarh,Air Bus Travels,NON AC Seater / Sleeper 2+1,21:00,06h 00m,03:00,3.5,INR 400,18 Seats available,Assam
Tinsukia to Jorhat,https://www.redbus.in/bus-tickets/tinsukia-to-jorhat,Aniruddha Travels,AC Seater (2+2),06:00,05h 10m,11:10,3.0,INR 500,4 Seats available,Assam
Tezpur to North Lakhimpur,https://www.redbus.in/bus-tickets/tezpur-to-north-lakhimpur,Mayur Travels (Under ASTC),Non AC Seater (2+2),05:45,05h 45m,11:30,4.4,INR 350,43 Seats available,Assam
Tezpur to North Lakhimpur,https://www.redbus.in/bus-tickets/tezpur-to-north-lakhimpur,Sparrow Travels (Under ASTC),Non AC Seater (2+2),06:30,05h 30m,12:00,4.7,INR 350,40 Seats available,Assam
Tezpur to North Lakhimpur,https://www.redbus.in/bus-tickets/tezpur-to-north-lakhimpur,Aziba Travels,NON A/C Seater (2+1),10:40,04h 20m,15:00,4.9,396,5 Seats available,Assam
Tezpur to North Lakhimpur,https://www.redbus.in/bus-tickets/tezpur-to-north-lakhimpur,Pranjit Travels (Under ASTC),NON A/C Seater (2+1),13:10,05h 20m,18:30,3.5,INR 500,6 Seats available,Assam
Tezpur to North Lakhimpur,https://www.redbus.in/bus-tickets/tezpur-to-north-lakhimpur,Narayan Travels,AC Seater (2+2),14:20,06h 10m,20:30,1.0,399,40 Seats available,Assam
Tezpur to North Lakhimpur,https://www.redbus.in/bus-tickets/tezpur-to-north-lakhimpur,Ruma Travels (Under ASTC),Non AC Seater (2+2),09:00,05h 40m,14:40,1.0,INR 350,41 Seats available,Assam
Tezpur to North Lakhimpur,https://www.redbus.in/bus-tickets/tezpur-to-north-lakhimpur,Mahadev K.P.,Tata A/C Seater (2+2),11:00,07h 15m,18:15,1.0,INR 460,41 Seats available,Assam
Tezpur to North Lakhimpur,https://www.redbus.in/bus-tickets/tezpur-to-north-lakhimpur,Mahadev K.P.,Tata A/C Seater (2+2),11:30,07h 00m,18:30,3.7,INR 460,41 Seats available,Assam
Tezpur to North Lakhimpur,https://www.redbus.in/bus-tickets/tezpur-to-north-lakhimpur,Chartered Bus - ASTC,A/C Seater Push Back (2+2),11:00,04h 00m,15:00,0.0,INR 712.47,5 Seats available,Assam
North Lakhimpur to Moran,https://www.redbus.in/bus-tickets/north-lakhimpur-to-moran,Assam State Transport Corporation (ASTC) - 173044,Non AC Seater (2+2),13:00,02h 30m,15:30,4.6,INR 170,5 Seats available,Assam
Guwahati to Gohpur,https://www.redbus.in/bus-tickets/guwahati-to-gohpur,Yatra Travels,NON A/C Seater (2+1),07:00,06h 40m,13:40,4.3,450,2 Seats available,Assam
Guwahati to Gohpur,https://www.redbus.in/bus-tickets/guwahati-to-gohpur,Pranjit Travels (Under ASTC),NON A/C Seater (2+1),07:45,08h 30m,16:15,4.4,INR 570,5 Seats available,Assam
Guwahati to Gohpur,https://www.redbus.in/bus-tickets/guwahati-to-gohpur,Chartered Bus - ASTC,A/C Seater Push Back (2+2),07:00,06h 00m,13:00,4.4,INR 755.58,5 Seats available,Assam
Guwahati to Gohpur,https://www.redbus.in/bus-tickets/guwahati-to-gohpur,Yatra Travels,NON AC Seater/ Sleeper (2+1),20:00,06h 30m,02:30,4.6,450,20 Seats available,Assam
Guwahati to Gohpur,https://www.redbus.in/bus-tickets/guwahati-to-gohpur,Yatra Travels,NON A/C Seater (2+1),18:00,08h 45m,02:45,4.5,450,17 Seats available,Assam
Guwahati to Gohpur,https://www.redbus.in/bus-tickets/guwahati-to-gohpur,Shopuris Travels,Non AC Seater (2+1),17:00,07h 15m,00:15,4.6,INR 600,31 Seats available,Assam
Guwahati to Gohpur,https://www.redbus.in/bus-tickets/guwahati-to-gohpur,Aziba Travels,NON A/C Seater (2+1),05:45,07h 15m,13:00,4.1,475,4 Seats available,Assam
Guwahati to Gohpur,https://www.redbus.in/bus-tickets/guwahati-to-gohpur,NORTH EAST TRAVELS(UNDER ASTC),NON A/C Seater (2+1),20:15,07h 45m,04:00,3.7,450,23 Seats available,Assam
Guwahati to Gohpur,https://www.redbus.in/bus-tickets/guwahati-to-gohpur,Pranjit Travels (Under ASTC),A/C Seater / Sleeper (2+1),20:45,08h 00m,04:45,4.3,INR 620,28 Seats available,Assam
Guwahati to Gohpur,https://www.redbus.in/bus-tickets/guwahati-to-gohpur,Yatra Travels,NON AC Seater/ Sleeper (2+1),20:30,06h 45m,03:15,3.5,450,31 Seats available,Assam
Guwahati to Gohpur,https://www.redbus.in/bus-tickets/guwahati-to-gohpur,Deep Travels,NON AC Seater / Sleeper 2+1,21:00,07h 15m,04:15,4.1,INR 499,23 Seats available,Assam
Guwahati to Gohpur,https://www.redbus.in/bus-tickets/guwahati-to-gohpur,Pranjit Travels (Under ASTC),Bharat Benz A/C Seater (2+1),21:30,07h 45m,05:15,3.9,INR 660,22 Seats available,Assam
Guwahati to Gohpur,https://www.redbus.in/bus-tickets/guwahati-to-gohpur,Pranjit Travels (Under ASTC),NON A/C Seater (2+1),21:15,07h 30m,04:45,2.8,INR 570,21 Seats available,Assam
Guwahati to Gohpur,https://www.redbus.in/bus-tickets/guwahati-to-gohpur,BLUE HILL TRAVELS INDIA LIMITED,NON A/C Seater Semi Sleeper (2+1),20:00,07h 50m,03:50,1.6,INR 550,14 Seats available,Assam
Guwahati to Gohpur,https://www.redbus.in/bus-tickets/guwahati-to-gohpur,DONYI POLO EXPRESS,NON A/C Seater (2+1),17:45,05h 00m,22:45,1.3,450,24 Seats available,Assam
Guwahati to Gohpur,https://www.redbus.in/bus-tickets/guwahati-to-gohpur,GURUNANAK TRAVELS,NON A/C Seater (2+1),19:00,08h 00m,03:00,5.0,INR 500,31 Seats available,Assam
Guwahati to Gohpur,https://www.redbus.in/bus-tickets/guwahati-to-gohpur,Laxmi Travels,Bharat Benz A/C Seater /Sleeper (2+1),19:45,06h 45m,02:30,0.0,630,24 Seats available,Assam
Guwahati to Gohpur,https://www.redbus.in/bus-tickets/guwahati-to-gohpur,Chartered Bus - ASTC,AC Seater (2+2),20:00,06h 30m,02:30,0.0,INR 648.23,37 Seats available,Assam
Guwahati to Kaliabor,https://www.redbus.in/bus-tickets/guwahati-to-kaliabor,Assam State Transport Corporation (ASTC) - 149849,Volvo AC Seater 2+2,06:30,03h 30m,10:00,4.2,INR 259,24 Seats available,Assam
Guwahati to Kaliabor,https://www.redbus.in/bus-tickets/guwahati-to-kaliabor,Assam State Transport Corporation (ASTC) - 154910,Bharat Benz A/C Seater (2+2),10:30,03h 30m,14:00,4.2,INR 259,3 Seats available,Assam
Guwahati to Kaliabor,https://www.redbus.in/bus-tickets/guwahati-to-kaliabor,Assam State Transport Corporation (ASTC) - 139720,Volvo AC Seater 2+2,13:45,03h 30m,17:15,3.8,INR 259,28 Seats available,Assam
Guwahati to Kaliabor,https://www.redbus.in/bus-tickets/guwahati-to-kaliabor,Chartered Bus - ASTC,Volvo AC Seater Pushback 2+2,06:15,03h 45m,10:00,4.5,INR 281.36,23 Seats available,Assam
Guwahati to Kaliabor,https://www.redbus.in/bus-tickets/guwahati-to-kaliabor,Chartered Bus - ASTC,Volvo AC Seater Pushback 2+2,07:30,03h 15m,10:45,4.5,INR 399.34,7 Seats available,Assam
Guwahati to Kaliabor,https://www.redbus.in/bus-tickets/guwahati-to-kaliabor,Mahi Travels(Under ASTC),A/C Seater (2+2),10:00,04h 45m,14:45,4.2,357,40 Seats available,Assam
Guwahati to Kaliabor,https://www.redbus.in/bus-tickets/guwahati-to-kaliabor,Mahi Travels(Under ASTC),Bharat Benz A/C Seater (2+2),10:30,04h 20m,14:50,4.5,347,3 Seats available,Assam
Guwahati to Kaliabor,https://www.redbus.in/bus-tickets/guwahati-to-kaliabor,Trishul Transport Service(Under ASTC),A/C Seater Push Back (2+1),11:30,03h 15m,14:45,3.9,495,32 Seats available,Assam
Guwahati to Kaliabor,https://www.redbus.in/bus-tickets/guwahati-to-kaliabor,Orient Transline,A/C Seater (2+1),11:30,03h 30m,15:00,3.0,INR 380.95,37 Seats available,Assam
Guwahati to Kaliabor,https://www.redbus.in/bus-tickets/guwahati-to-kaliabor,Orient Transline,A/C Seater (2+1),13:00,03h 20m,16:20,3.0,INR 380.95,33 Seats available,Assam
Guwahati to Kaliabor,https://www.redbus.in/bus-tickets/guwahati-to-kaliabor,BAIKUNTHA TRAVELS (UNDER ASTC),Bharat Benz A/C Seater (2+1),20:00,03h 15m,23:15,3.1,579,25 Seats available,Assam
Guwahati to Kaliabor,https://www.redbus.in/bus-tickets/guwahati-to-kaliabor,Christina Travels,NON A/C Seater (2+2),06:00,03h 00m,09:00,2.7,650,20 Seats available,Assam
Guwahati to Kaliabor,https://www.redbus.in/bus-tickets/guwahati-to-kaliabor,SHIVAM TRAVELS,NON A/C Seater (2+2),06:45,03h 15m,10:00,1.0,270,25 Seats available,Assam
Guwahati to Kaliabor,https://www.redbus.in/bus-tickets/guwahati-to-kaliabor,Rishi India Travels,Non AC Seater (2+1),11:30,03h 30m,15:00,1.8,400,22 Seats available,Assam
Guwahati to Kaliabor,https://www.redbus.in/bus-tickets/guwahati-to-kaliabor,Rishi India Travels,Bharat Benz A/C Seater (2+1),13:15,03h 00m,16:15,2.6,450,38 Seats available,Assam
Guwahati to Kaliabor,https://www.redbus.in/bus-tickets/guwahati-to-kaliabor,Rishi India Travels,Bharat Benz A/C Seater (2+1),06:45,03h 15m,10:00,2.4,450,38 Seats available,Assam
Guwahati to Kaliabor,https://www.redbus.in/bus-tickets/guwahati-to-kaliabor,Rishi India Travels,A/C Seater (2+1),15:15,03h 05m,18:20,2.9,450,26 Seats available,Assam
Dibrugarh to Tezpur,https://www.redbus.in/bus-tickets/dibrugarh-to-tezpur,MOON TRAVELS,AC Seater (2+2),09:10,07h 50m,17:00,2.3,INR 600,3 Seats available,Assam
Biswanath Charali to Guwahati,https://www.redbus.in/bus-tickets/biswanath-charali-to-guwahati,Pranjit Travels (Under ASTC),NON A/C Seater (2+1),00:15,06h 15m,06:30,3.8,INR 500,11 Seats available,Assam
Biswanath Charali to Guwahati,https://www.redbus.in/bus-tickets/biswanath-charali-to-guwahati,Pranjit Travels (Under ASTC),Bharat Benz A/C Seater (2+1),00:30,05h 45m,06:15,3.8,INR 610,13 Seats available,Assam
Biswanath Charali to Guwahati,https://www.redbus.in/bus-tickets/biswanath-charali-to-guwahati,Pranjit Travels (Under ASTC),A/C Seater / Sleeper (2+1),00:45,05h 15m,06:00,4.2,INR 550,10 Seats available,Assam
Biswanath Charali to Guwahati,https://www.redbus.in/bus-tickets/biswanath-charali-to-guwahati,Mahi Travels(Under ASTC),A/C Seater (2+2),04:30,04h 25m,08:55,4.6,474,6 Seats available,Assam
Biswanath Charali to Guwahati,https://www.redbus.in/bus-tickets/biswanath-charali-to-guwahati,Orient Transline,A/C Seater (2+1),05:30,04h 40m,10:10,4.6,INR 476.19,4 Seats available,Assam
Biswanath Charali to Guwahati,https://www.redbus.in/bus-tickets/biswanath-charali-to-guwahati,Aziba Travels,NON A/C Seater (2+1),08:45,05h 25m,14:10,4.0,446,2 Seats available,Assam
Biswanath Charali to Guwahati,https://www.redbus.in/bus-tickets/biswanath-charali-to-guwahati,Pranjit Travels (Under ASTC),NON A/C Seater (2+1),09:45,06h 00m,15:45,3.6,INR 500,2 Seats available,Assam
Biswanath Charali to Guwahati,https://www.redbus.in/bus-tickets/biswanath-charali-to-guwahati,Pranjit Travels (Under ASTC),NON A/C Seater (2+1),10:45,06h 00m,16:45,3.4,INR 500,2 Seats available,Assam
Biswanath Charali to Guwahati,https://www.redbus.in/bus-tickets/biswanath-charali-to-guwahati,Chartered Bus - ASTC,A/C Seater Push Back (2+2),11:00,05h 15m,16:15,4.6,INR 712.47,1 Seat available,Assam
Biswanath Charali to Guwahati,https://www.redbus.in/bus-tickets/biswanath-charali-to-guwahati,Shopuris Travels,Non AC Seater (2+1),21:15,06h 45m,04:00,4.4,INR 600,4 Seats available,Assam
Biswanath Charali to Guwahati,https://www.redbus.in/bus-tickets/biswanath-charali-to-guwahati,Priyanka,Non AC Seater (2+1),22:30,06h 30m,05:00,4.0,500,5 Seats available,Assam
Biswanath Charali to Guwahati,https://www.redbus.in/bus-tickets/biswanath-charali-to-guwahati,Pranjit Travels (Under ASTC),NON A/C Seater (2+1),23:45,06h 15m,06:00,2.5,INR 500,2 Seats available,Assam
Biswanath Charali to Guwahati,https://www.redbus.in/bus-tickets/biswanath-charali-to-guwahati,BLUE HILL TRAVELS INDIA LIMITED,NON A/C Seater Semi Sleeper (2+1),20:00,07h 30m,03:30,5.0,INR 450,29 Seats available,Assam
Biswanath Charali to Guwahati,https://www.redbus.in/bus-tickets/biswanath-charali-to-guwahati,Chartered Bus - ASTC,AC Seater (2+2),23:30,06h 00m,05:30,0.0,INR 918.33,20 Seats available,Assam
Dibrugarh to North Lakhimpur,https://www.redbus.in/bus-tickets/dibrugarh-to-north-lakhimpur,Assam State Transport Corporation (ASTC) - 147556,Bharat Benz A/C Seater (2+2),12:30,03h 15m,15:45,4.4,INR 235.62,29 Seats available,Assam
Dibrugarh to North Lakhimpur,https://www.redbus.in/bus-tickets/dibrugarh-to-north-lakhimpur,BARBIE TRAVELS,NON A/C Hi-Tech Push Back (2+2),11:10,04h 20m,15:30,3.7,INR 240,40 Seats available,Assam
Dibrugarh to North Lakhimpur,https://www.redbus.in/bus-tickets/dibrugarh-to-north-lakhimpur,BARBIE TRAVELS,NON A/C Hi-Tech Push Back (2+2),13:30,05h 00m,18:30,3.7,INR 240,40 Seats available,Assam
Dibrugarh to North Lakhimpur,https://www.redbus.in/bus-tickets/dibrugarh-to-north-lakhimpur,BARBIE TRAVELS,NON A/C Hi-Tech Push Back (2+2),15:30,04h 00m,19:30,3.7,INR 240,40 Seats available,Assam
Dibrugarh to North Lakhimpur,https://www.redbus.in/bus-tickets/dibrugarh-to-north-lakhimpur,Maa Jagadamba,A/C Seater Push Back (2+2),16:15,03h 15m,19:30,4.1,INR 260,41 Seats available,Assam
Dibrugarh to North Lakhimpur,https://www.redbus.in/bus-tickets/dibrugarh-to-north-lakhimpur,Maa Jagadamba,NON A/C Seater (2+3),16:20,03h 10m,19:30,1.0,INR 250,39 Seats available,Assam
Dibrugarh to North Lakhimpur,https://www.redbus.in/bus-tickets/dibrugarh-to-north-lakhimpur,Air Bus Travels,NON AC Seater / Sleeper 2+1,21:15,04h 45m,02:00,3.7,INR 500,2 Seats available,Assam
Tumuki (Tezpur Medical) to Guwahati,https://www.redbus.in/bus-tickets/tumuki-tezpur-medical-to-guwahati,Assam State Transport Corporation (ASTC) - 161055,Volvo AC Seater 2+2,15:15,05h 15m,20:30,3.5,INR 316,20 Seats available,Assam
Tumuki (Tezpur Medical) to Guwahati,https://www.redbus.in/bus-tickets/tumuki-tezpur-medical-to-guwahati,Upasana Travels (Under ASTC),A/C Seater (2+2),06:45,03h 55m,10:40,1.0,INR 275,21 Seats available,Assam
Gohpur to Guwahati,https://www.redbus.in/bus-tickets/gohpur-to-guwahati,Yatra Travels,NON AC Seater/ Sleeper (2+1),23:00,07h 00m,06:00,4.7,481,4 Seats available,Assam
Gohpur to Guwahati,https://www.redbus.in/bus-tickets/gohpur-to-guwahati,Yatra Travels,NON AC Seater/ Sleeper (2+1),22:30,07h 45m,06:15,4.5,481,3 Seats available,Assam
Gohpur to Guwahati,https://www.redbus.in/bus-tickets/gohpur-to-guwahati,Pranjit Travels (Under ASTC),NON A/C Seater (2+1),08:25,07h 20m,15:45,4.7,INR 570,2 Seats available,Assam
Gohpur to Guwahati,https://www.redbus.in/bus-tickets/gohpur-to-guwahati,Chartered Bus - ASTC,A/C Seater Push Back (2+2),09:30,06h 45m,16:15,4.2,INR 755.58,1 Seat available,Assam
Gohpur to Guwahati,https://www.redbus.in/bus-tickets/gohpur-to-guwahati,Yatra Travels,NON A/C Seater (2+1),22:35,07h 40m,06:15,3.8,481,5 Seats available,Assam
Gohpur to Guwahati,https://www.redbus.in/bus-tickets/gohpur-to-guwahati,Pranjit Travels (Under ASTC),NON A/C Seater (2+1),09:20,07h 25m,16:45,3.6,INR 570,5 Seats available,Assam
Gohpur to Guwahati,https://www.redbus.in/bus-tickets/gohpur-to-guwahati,Shopuris Travels,Non AC Seater (2+1),20:00,08h 00m,04:00,4.0,INR 600,6 Seats available,Assam
Gohpur to Guwahati,https://www.redbus.in/bus-tickets/gohpur-to-guwahati,Aziba Travels,NON A/C Seater (2+1),07:40,06h 30m,14:10,4.7,475,1 Seat available,Assam
Gohpur to Guwahati,https://www.redbus.in/bus-tickets/gohpur-to-guwahati,Pranjit Travels (Under ASTC),A/C Seater / Sleeper (2+1),23:05,06h 55m,06:00,4.5,INR 620,4 Seats available,Assam
Gohpur to Guwahati,https://www.redbus.in/bus-tickets/gohpur-to-guwahati,KIRAN TRAVELS,A/C Seater (2+1),22:50,08h 40m,07:30,3.8,INR 600,2 Seats available,Assam
Gohpur to Guwahati,https://www.redbus.in/bus-tickets/gohpur-to-guwahati,Island Travels (Under ASTC),Non AC Seater (2+1),22:30,07h 30m,06:00,3.9,INR 550,2 Seats available,Assam
Gohpur to Guwahati,https://www.redbus.in/bus-tickets/gohpur-to-guwahati,RAYAN TRAVELS,Non A/C Seater / Sleeper (2+1),22:20,07h 40m,06:00,3.6,INR 500,5 Seats available,Assam
Gohpur to Guwahati,https://www.redbus.in/bus-tickets/gohpur-to-guwahati,Laxmi Travels,Bharat Benz A/C Seater /Sleeper (2+1),22:45,07h 15m,06:00,3.6,540,2 Seats available,Assam
Gohpur to Guwahati,https://www.redbus.in/bus-tickets/gohpur-to-guwahati,Pranjit Travels (Under ASTC),Bharat Benz A/C Seater (2+1),22:45,07h 30m,06:15,3.2,INR 650,2 Seats available,Assam
Gohpur to Guwahati,https://www.redbus.in/bus-tickets/gohpur-to-guwahati,PARIJAT TRAVELS(UNDER ASTC),NON A/C Seater (2+1),23:11,07h 19m,06:30,2.5,INR 500,4 Seats available,Assam
Gohpur to Guwahati,https://www.redbus.in/bus-tickets/gohpur-to-guwahati,Chartered Bus - ASTC,AC Seater (2+2),22:00,07h 30m,05:30,4.2,INR 918.33,20 Seats available,Assam
Gohpur to Guwahati,https://www.redbus.in/bus-tickets/gohpur-to-guwahati,MAHARATHI TRANSPORT,NON A/C Seater (2+1),22:15,06h 45m,05:00,3.4,450,3 Seats available,Assam
Gohpur to Guwahati,https://www.redbus.in/bus-tickets/gohpur-to-guwahati,Pranjit Travels (Under ASTC),NON A/C Seater (2+1),22:30,08h 00m,06:30,2.6,INR 570,3 Seats available,Assam
Gohpur to Guwahati,https://www.redbus.in/bus-tickets/gohpur-to-guwahati,DONYI POLO EXPRESS,NON A/C Seater (2+1),22:00,08h 30m,06:30,4.2,450,1 Seat available,Assam
Gohpur to Guwahati,https://www.redbus.in/bus-tickets/gohpur-to-guwahati,GURUNANAK TRAVELS,NON A/C Seater (2+1),21:00,08h 00m,05:00,4.0,INR 500,5 Seats available,Assam
Gohpur to Guwahati,https://www.redbus.in/bus-tickets/gohpur-to-guwahati,Pranjit Travels (Under ASTC),NON A/C Seater (2+1),22:15,07h 45m,06:00,0.0,INR 570,2 Seats available,Assam
Gohpur to Guwahati,https://www.redbus.in/bus-tickets/gohpur-to-guwahati,Maharathi(UNDER ASTC),NON A/C Seater (2+1),22:00,06h 30m,04:30,0.0,523,4 Seats available,Assam
Gohpur to Guwahati,https://www.redbus.in/bus-tickets/gohpur-to-guwahati,Priyanka,Non AC Seater (2+1),20:45,08h 15m,05:00,0.0,500,5 Seats available,Assam
Gohpur to Guwahati,https://www.redbus.in/bus-tickets/gohpur-to-guwahati,MAHARATHI TRANSPORT,Non AC Seater (2+1),22:15,07h 00m,05:15,0.0,INR 550,5 Seats available,Assam
North Lakhimpur to Guwahati,https://www.redbus.in/bus-tickets/north-lakhimpur-to-guwahati,Pranjit Travels (Under ASTC),Bharat Benz A/C Seater (2+1),21:00,09h 15m,06:15,4.3,INR 750,2 Seats available,Assam
North Lakhimpur to Guwahati,https://www.redbus.in/bus-tickets/north-lakhimpur-to-guwahati,Yatra Travels,NON AC Seater/ Sleeper (2+1),19:45,10h 30m,06:15,4.2,569,2 Seats available,Assam
North Lakhimpur to Guwahati,https://www.redbus.in/bus-tickets/north-lakhimpur-to-guwahati,KIRAN TRAVELS,A/C Seater (2+1),21:20,10h 10m,07:30,4.1,INR 700,2 Seats available,Assam
North Lakhimpur to Guwahati,https://www.redbus.in/bus-tickets/north-lakhimpur-to-guwahati,AdYatra Travels,NON AC Seater/ Sleeper (2+1),20:30,09h 30m,06:00,4.0,569,4 Seats available,Assam
North Lakhimpur to Guwahati,https://www.redbus.in/bus-tickets/north-lakhimpur-to-guwahati,Pranjit Travels (Under ASTC),NON A/C Seater (2+1),07:15,09h 30m,16:45,4.3,INR 600,5 Seats available,Assam
North Lakhimpur to Guwahati,https://www.redbus.in/bus-tickets/north-lakhimpur-to-guwahati,Pranjit Travels (Under ASTC),A/C Seater / Sleeper (2+1),21:15,08h 45m,06:00,4.1,INR 700,4 Seats available,Assam
North Lakhimpur to Guwahati,https://www.redbus.in/bus-tickets/north-lakhimpur-to-guwahati,Swapna Super(Under ASTC),Non AC Seater (2+1),19:00,10h 00m,05:00,4.0,540,3 Seats available,Assam
North Lakhimpur to Guwahati,https://www.redbus.in/bus-tickets/north-lakhimpur-to-guwahati,MAHARATHI TRANSPORT,NON A/C Seater (2+1),20:20,08h 40m,05:00,3.2,540,3 Seats available,Assam
North Lakhimpur to Guwahati,https://www.redbus.in/bus-tickets/north-lakhimpur-to-guwahati,Chartered Bus - ASTC,A/C Seater Push Back (2+2),07:45,08h 30m,16:15,3.6,INR 810.03,1 Seat available,Assam
North Lakhimpur to Guwahati,https://www.redbus.in/bus-tickets/north-lakhimpur-to-guwahati,Yatra Travels,NON A/C Seater (2+1),20:40,09h 35m,06:15,4.1,569,5 Seats available,Assam
North Lakhimpur to Guwahati,https://www.redbus.in/bus-tickets/north-lakhimpur-to-guwahati,RAYAN TRAVELS,Non A/C Seater / Sleeper (2+1),20:15,09h 45m,06:00,4.0,INR 600,5 Seats available,Assam
North Lakhimpur to Guwahati,https://www.redbus.in/bus-tickets/north-lakhimpur-to-guwahati,Pranjit Travels (Under ASTC),NON A/C Seater (2+1),06:30,09h 15m,15:45,4.2,INR 650,2 Seats available,Assam
North Lakhimpur to Guwahati,https://www.redbus.in/bus-tickets/north-lakhimpur-to-guwahati,Aziba Travels,NON A/C Seater (2+1),05:35,08h 35m,14:10,4.4,545,2 Seats available,Assam
North Lakhimpur to Guwahati,https://www.redbus.in/bus-tickets/north-lakhimpur-to-guwahati,MAHARATHI TRANSPORT,Non AC Seater (2+1),20:45,08h 30m,05:15,3.8,585,5 Seats available,Assam
North Lakhimpur to Guwahati,https://www.redbus.in/bus-tickets/north-lakhimpur-to-guwahati,Island Travels (Under ASTC),Non AC Seater (2+1),20:45,09h 15m,06:00,3.6,INR 600,2 Seats available,Assam
North Lakhimpur to Guwahati,https://www.redbus.in/bus-tickets/north-lakhimpur-to-guwahati,Laxmi Travels,Bharat Benz A/C Seater /Sleeper (2+1),20:50,09h 10m,06:00,4.6,630,2 Seats available,Assam
North Lakhimpur to Guwahati,https://www.redbus.in/bus-tickets/north-lakhimpur-to-guwahati,PARIJAT TRAVELS(UNDER ASTC),NON A/C Seater (2+1),20:56,09h 34m,06:30,3.9,INR 650,4 Seats available,Assam
North Lakhimpur to Guwahati,https://www.redbus.in/bus-tickets/north-lakhimpur-to-guwahati,Pranjit Travels (Under ASTC),NON A/C Seater (2+1),20:45,09h 45m,06:30,3.8,INR 650,3 Seats available,Assam
North Lakhimpur to Guwahati,https://www.redbus.in/bus-tickets/north-lakhimpur-to-guwahati,Chartered Bus - ASTC,AC Seater (2+2),20:15,09h 15m,05:30,3.4,INR 918.33,20 Seats available,Assam
North Lakhimpur to Guwahati,https://www.redbus.in/bus-tickets/north-lakhimpur-to-guwahati,NETWORK TRAVELS,NON A/C Seater Push Back (2+1),20:30,08h 30m,05:00,4.5,570,4 Seats available,Assam
North Lakhimpur to Guwahati,https://www.redbus.in/bus-tickets/north-lakhimpur-to-guwahati,GURUNANAK TRAVELS,NON A/C Seater (2+1),18:30,10h 30m,05:00,3.1,INR 600,5 Seats available,Assam
North Lakhimpur to Guwahati,https://www.redbus.in/bus-tickets/north-lakhimpur-to-guwahati,Pranjit Travels (Under ASTC),NON A/C Seater (2+1),20:15,09h 45m,06:00,2.7,INR 600,2 Seats available,Assam
North Lakhimpur to Guwahati,https://www.redbus.in/bus-tickets/north-lakhimpur-to-guwahati,DONYI POLO EXPRESS,NON A/C Seater (2+1),21:00,09h 30m,06:30,1.0,540,1 Seat available,Assam
North Lakhimpur to Guwahati,https://www.redbus.in/bus-tickets/north-lakhimpur-to-guwahati,Priyanka,Non AC Seater (2+1),18:00,11h 00m,05:00,5.0,600,5 Seats available,Assam
North Lakhimpur to Guwahati,https://www.redbus.in/bus-tickets/north-lakhimpur-to-guwahati,Maharathi(UNDER ASTC),NON A/C Seater (2+1),20:30,08h 00m,04:30,4.3,618,4 Seats available,Assam
Tezpur to Moran,https://www.redbus.in/bus-tickets/tezpur-to-moran,Assam State Transport Corporation (ASTC) - 96880,A/C Seater (2+1),08:00,06h 45m,14:45,3.5,INR 405,3 Seats available,Assam
Tezpur to Moran,https://www.redbus.in/bus-tickets/tezpur-to-moran,Aniruddha Travels,AC Seater (2+2),07:50,07h 10m,15:00,4.5,INR 600,7 Seats available,Assam
Tezpur to Moran,https://www.redbus.in/bus-tickets/tezpur-to-moran,SANJEEBANI TRAVELS,Non A/C Seater / Sleeper (2+1),21:30,06h 50m,04:20,3.1,INR 600,1 Seat available,Assam
Tezpur to Moran,https://www.redbus.in/bus-tickets/tezpur-to-moran,MOON TRAVELS,AC Seater (2+2),07:15,07h 00m,14:15,2.5,INR 500,33 Seats available,Assam
Moran to Tezpur,https://www.redbus.in/bus-tickets/moran-to-tezpur,MOON TRAVELS,AC Seater (2+2),10:30,06h 30m,17:00,2.0,INR 550,3 Seats available,Assam
Bokakhat to Dibrugarh,https://www.redbus.in/bus-tickets/bokakhat-to-dibrugarh,Assam State Transport Corporation (ASTC) - 154034,A/C Seater (2+1),07:30,06h 30m,14:00,4.5,INR 316,1 Seat available,Assam
Bokakhat to Dibrugarh,https://www.redbus.in/bus-tickets/bokakhat-to-dibrugarh,Purple Wings Coaches,A/C Seater / Sleeper (2+1),00:15,04h 15m,04:30,4.3,INR 630,11 Seats available,Assam
Bokakhat to Dibrugarh,https://www.redbus.in/bus-tickets/bokakhat-to-dibrugarh,Purple Wings Coaches,A/C Seater / Sleeper (2+1),00:30,28h 30m,05:00,4.3,621,44 Seats available,Assam
Bokakhat to Dibrugarh,https://www.redbus.in/bus-tickets/bokakhat-to-dibrugarh,MOON TRAVELS,AC Seater (2+2),09:45,05h 35m,15:20,4.5,INR 550,36 Seats available,Assam
Bokakhat to Dibrugarh,https://www.redbus.in/bus-tickets/bokakhat-to-dibrugarh,Aniruddha Travels,AC Seater (2+2),10:15,06h 00m,16:15,3.3,INR 600,15 Seats available,Assam
Bokakhat to Dibrugarh,https://www.redbus.in/bus-tickets/bokakhat-to-dibrugarh,SHIVAM TRAVELS,Bharat Benz A/C Seater (2+1),12:15,04h 45m,17:00,4.8,INR 690,1 Seat available,Assam
Bokakhat to Dibrugarh,https://www.redbus.in/bus-tickets/bokakhat-to-dibrugarh,Chartered Bus - ASTC,Volvo AC Seater Pushback 2+2,12:30,04h 45m,17:15,4.5,INR 755.58,7 Seats available,Assam
Bokakhat to Dibrugarh,https://www.redbus.in/bus-tickets/bokakhat-to-dibrugarh,Bashudev Transline (Under ASTC),A/C Seater (2+1),12:35,05h 25m,18:00,4.5,INR 550,11 Seats available,Assam
Bokakhat to Dibrugarh,https://www.redbus.in/bus-tickets/bokakhat-to-dibrugarh,Aniruddha Travels,NON A/C Seater/ Sleeper (2+1),23:15,04h 45m,04:00,3.1,INR 600,5 Seats available,Assam
Bokakhat to Dibrugarh,https://www.redbus.in/bus-tickets/bokakhat-to-dibrugarh,Christina Travels,NON A/C Seater (2+2),11:00,05h 30m,16:30,2.8,650,21 Seats available,Assam
North Lakhimpur to Nagaon (Assam),https://www.redbus.in/bus-tickets/north-lakhimpur-to-nagaon,Aziba Travels,NON A/C Seater (2+1),05:35,06h 05m,11:40,4.5,495,2 Seats available,Assam
North Lakhimpur to Nagaon (Assam),https://www.redbus.in/bus-tickets/north-lakhimpur-to-nagaon,Pranjit Travels (Under ASTC),Non AC Seater (2+1),07:15,07h 00m,14:15,4.3,INR 550,6 Seats available,Assam
North Lakhimpur to Nagaon (Assam),https://www.redbus.in/bus-tickets/north-lakhimpur-to-nagaon,Chartered Bus - ASTC,A/C Seater Push Back (2+2),07:45,05h 30m,13:15,5.0,INR 755.58,1 Seat available,Assam
North Lakhimpur to Nagaon (Assam),https://www.redbus.in/bus-tickets/north-lakhimpur-to-nagaon,Yatra Travels,NON AC Seater/ Sleeper (2+1),19:45,09h 15m,05:00,3.5,525,3 Seats available,Assam
North Lakhimpur to Nagaon (Assam),https://www.redbus.in/bus-tickets/north-lakhimpur-to-nagaon,MAHARATHI TRANSPORT,NON A/C Semi Sleeper (2+1),20:00,07h 05m,03:05,3.0,495,4 Seats available,Assam
North Lakhimpur to Nagaon (Assam),https://www.redbus.in/bus-tickets/north-lakhimpur-to-nagaon,MAHARATHI TRANSPORT,NON A/C Seater (2+1),20:20,06h 40m,03:00,3.0,495,3 Seats available,Assam
North Lakhimpur to Nagaon (Assam),https://www.redbus.in/bus-tickets/north-lakhimpur-to-nagaon,Yatra Travels,NON AC Seater/ Sleeper (2+1),20:30,08h 00m,04:30,4.5,525,4 Seats available,Assam
North Lakhimpur to Nagaon (Assam),https://www.redbus.in/bus-tickets/north-lakhimpur-to-nagaon,PARIJAT TRAVELS(UNDER ASTC),NON A/C Seater (2+1),20:56,06h 04m,03:00,4.7,INR 550,5 Seats available,Assam
North Lakhimpur to Nagaon (Assam),https://www.redbus.in/bus-tickets/north-lakhimpur-to-nagaon,GURUNANAK TRAVELS,NON A/C Seater (2+1),18:30,08h 30m,03:00,1.0,INR 600,32 Seats available,Assam
North Lakhimpur to Nagaon (Assam),https://www.redbus.in/bus-tickets/north-lakhimpur-to-nagaon,Yatra Travels,NON A/C Seater (2+1),20:40,06h 20m,03:00,2.7,525,32 Seats available,Assam
North Lakhimpur to Nagaon (Assam),https://www.redbus.in/bus-tickets/north-lakhimpur-to-nagaon,DONYI POLO EXPRESS,NON A/C Seater (2+1),21:00,06h 00m,03:00,2.9,540,4 Seats available,Assam
North Lakhimpur to Nagaon (Assam),https://www.redbus.in/bus-tickets/north-lakhimpur-to-nagaon,KIRAN TRAVELS,A/C Seater (2+1),21:20,07h 10m,04:30,0.0,INR 680,2 Seats available,Assam
Guwahati to Golaghat,https://www.redbus.in/bus-tickets/guwahati-to-golaghat,NAMBOR TRANSPORT,Bharat Benz A/C Seater (2+1),06:30,06h 30m,13:00,4.0,570,12 Seats available,Assam
Guwahati to Golaghat,https://www.redbus.in/bus-tickets/guwahati-to-golaghat,NAMBOR TRANSPORT,Bharat Benz A/C Seater (2+1),10:00,06h 45m,16:45,4.0,570,8 Seats available,Assam
Guwahati to Golaghat,https://www.redbus.in/bus-tickets/guwahati-to-golaghat,NAMBOR TRANSPORT,Bharat Benz A/C Seater (2+1),14:00,06h 45m,20:45,3.9,570,11 Seats available,Assam
Guwahati to Golaghat,https://www.redbus.in/bus-tickets/guwahati-to-golaghat,RATNAGIRI TRANSPORT,Bharat Benz A/C Seater /Sleeper (2+1),09:15,07h 00m,16:15,4.2,INR 600,26 Seats available,Assam
Guwahati to Golaghat,https://www.redbus.in/bus-tickets/guwahati-to-golaghat,RATNAGIRI TRANSPORT,Bharat Benz A/C Seater (2+1),14:10,06h 45m,20:55,4.2,INR 600,7 Seats available,Assam
Guwahati to Golaghat,https://www.redbus.in/bus-tickets/guwahati-to-golaghat,NAMBOR TRANSPORT,Bharat Benz A/C Seater (2+1),21:00,07h 00m,04:00,4.2,570,22 Seats available,Assam
Guwahati to Golaghat,https://www.redbus.in/bus-tickets/guwahati-to-golaghat,RATNAGIRI TRANSPORT,Bharat Benz A/C Seater /Sleeper (2+1),21:31,06h 59m,04:30,3.8,INR 600,21 Seats available,Assam
Guwahati to Golaghat,https://www.redbus.in/bus-tickets/guwahati-to-golaghat,NAMBOR TRANSPORT,NON A/C Seater (2+1),20:30,06h 45m,03:15,3.6,INR 500,28 Seats available,Assam
Guwahati to Golaghat,https://www.redbus.in/bus-tickets/guwahati-to-golaghat,NAMBOR TRANSPORT,NON A/C Seater (2+1),08:30,07h 15m,15:45,4.0,INR 500,18 Seats available,Assam
Guwahati to Golaghat,https://www.redbus.in/bus-tickets/guwahati-to-golaghat,RATNAGIRI TRANSPORT,NON A/C Seater Push Back (2+1),21:20,07h 10m,04:30,4.2,INR 500,29 Seats available,Assam
Guwahati to Golaghat,https://www.redbus.in/bus-tickets/guwahati-to-golaghat,ZAMZAM TRAVELS,Bharat Benz A/C Seater (2+1),20:15,07h 05m,03:20,3.0,INR 550,37 Seats available,Assam
